strategy,avg_payoff,delta,kappa,seed,sim
IL,0.5950761931038296,0.75,0.4,43,1
MF,0.2200379217955972,0.75,0.4,43,1
IL,0.5950492340512231,0.54,0.4,48,2
MF,0.3865146721196642,0.54,0.4,48,2
IL,0.5950030433141368,0.78,0.4,49,3
MF,0.1550506963705748,0.78,0.4,49,3
IL,0.5950167310803529,0.59,0.4,42,4
MF,0.3052295164983879,0.59,0.4,42,4
IL,0.5949938980447976,0.95,0.4,51,5
MF,0.0913310053811521,0.95,0.4,51,5
IL,0.5951727767975862,0.16,0.4,49,6
MF,0.5849568812439929,0.16,0.4,49,6
IL,0.5950265533810379,0.95,0.4,45,7
MF,0.05963965982269576,0.95,0.4,45,7
IL,0.594905990249091,0.37,0.4,42,8
MF,0.3400502497956918,0.37,0.4,42,8
IL,0.5950520315772143,0.61,0.4,50,9
MF,0.3329455251960155,0.61,0.4,50,9
IL,0.5950596003204962,0.11,0.4,47,10
MF,0.6094802461792256,0.11,0.4,47,10
IL,0.5949009261428494,0.61,0.4,44,11
MF,0.28176393154616336,0.61,0.4,44,11
IL,0.5950198538567765,0.23,0.4,45,12
MF,0.48799486565250544,0.23,0.4,45,12
IL,0.5948982888795382,0.9,0.4,49,13
MF,0.0776879654823745,0.9,0.4,49,13
IL,0.5949979186900618,0.81,0.4,42,14
MF,0.14869424365730616,0.81,0.4,42,14
IL,0.5950990244056888,0.4,0.4,43,15
MF,0.45144567677508424,0.4,0.4,43,15
IL,0.5952194646842216,0.23,0.4,51,16
MF,0.4807153047547739,0.23,0.4,51,16
IL,0.5949519587275646,0.53,0.4,46,17
MF,0.3733553266033837,0.53,0.4,46,17
IL,0.5950405498062402,0.19,0.4,44,18
MF,0.593344472904198,0.19,0.4,44,18
IL,0.5950092053442159,0.45,0.4,46,19
MF,0.4061621219853562,0.45,0.4,46,19
IL,0.5950372705746098,0.35,0.4,51,20
MF,0.4211619734515104,0.35,0.4,51,20
IL,0.5949008626214185,0.69,0.4,47,21
MF,0.19654009810540884,0.69,0.4,47,21
IL,0.5950739183041125,0.35,0.4,45,22
MF,0.45450976795526477,0.35,0.4,45,22
IL,0.5948429371221096,0.19,0.4,50,23
MF,0.47181885498561116,0.19,0.4,50,23
IL,0.5950858355437383,0.97,0.4,42,24
MF,0.02889525302359798,0.97,0.4,42,24
IL,0.5950220408477188,0.77,0.4,44,25
MF,0.21430243175451627,0.77,0.4,44,25
IL,0.5952927608488352,0.07,0.4,47,26
MF,0.7187574879306968,0.07,0.4,47,26
IL,0.5951001906801212,0.77,0.4,50,27
MF,0.2051885555387295,0.77,0.4,50,27
IL,0.5948855214724624,0.83,0.4,45,28
MF,0.11513384725035566,0.83,0.4,45,28
IL,0.5949947251091895,0.6,0.4,50,29
MF,0.3102932525901773,0.6,0.4,50,29
IL,0.5950596787618704,0.21,0.4,42,30
MF,0.5274388300589843,0.21,0.4,42,30
IL,0.5949638110445334,0.83,0.4,51,31
MF,0.12062272325344918,0.83,0.4,51,31
IL,0.5949364669888263,0.6,0.4,44,32
MF,0.3343657464967189,0.6,0.4,44,32
IL,0.5950005627962203,0.63,0.4,43,33
MF,0.30524216295707696,0.63,0.4,43,33
IL,0.5949952501483089,0.42,0.4,48,34
MF,0.43602632106484307,0.42,0.4,48,34
IL,0.5950057040720906,0.63,0.4,42,35
MF,0.30814699383594624,0.63,0.4,42,35
IL,0.5950915997817708,0.42,0.4,49,36
MF,0.45257532868630107,0.42,0.4,49,36
IL,0.5948580525637318,0.6,0.4,45,37
MF,0.2836907636264288,0.6,0.4,45,37
IL,0.595024358771454,0.83,0.4,50,38
MF,0.14677059191435984,0.83,0.4,50,38
IL,0.5949856467413839,0.6,0.4,51,39
MF,0.30552958058525764,0.6,0.4,51,39
IL,0.5949868971844207,0.83,0.4,44,40
MF,0.11895362781543045,0.83,0.4,44,40
IL,0.5949045135706388,0.21,0.4,43,41
MF,0.4571011427410012,0.21,0.4,43,41
IL,0.5949998181484065,0.77,0.4,51,42
MF,0.21765240443017037,0.77,0.4,51,42
IL,0.5942689552595233,0.07,0.4,46,43
MF,0.58621440262125,0.07,0.4,46,43
IL,0.5949603343573596,0.77,0.4,45,44
MF,0.17230913902888925,0.77,0.4,45,44
IL,0.5951315899686056,0.19,0.4,51,45
MF,0.5339769278913867,0.19,0.4,51,45
IL,0.5951882907370949,0.35,0.4,44,46
MF,0.5072929659622768,0.35,0.4,44,46
IL,0.5950749228346677,0.69,0.4,46,47
MF,0.24776776083877122,0.69,0.4,46,47
IL,0.5950006585962148,0.97,0.4,43,48
MF,-0.029794021336047184,0.97,0.4,43,48
IL,0.5948955612179606,0.35,0.4,50,49
MF,0.44199979547753576,0.35,0.4,50,49
IL,0.5947985246259292,0.45,0.4,47,50
MF,0.3374494671800903,0.45,0.4,47,50
IL,0.5947486441598843,0.19,0.4,45,51
MF,0.4632297024317127,0.19,0.4,45,51
IL,0.5949090466331097,0.4,0.4,42,52
MF,0.4099590585462114,0.4,0.4,42,52
IL,0.5949312511925068,0.53,0.4,47,53
MF,0.29383652159304324,0.53,0.4,47,53
IL,0.5949260943113546,0.23,0.4,50,54
MF,0.4763878753819269,0.23,0.4,50,54
IL,0.5950128158408823,0.9,0.4,48,55
MF,0.0551106751286967,0.9,0.4,48,55
IL,0.5950887366097749,0.23,0.4,44,56
MF,0.5033950489853872,0.23,0.4,44,56
IL,0.5950330866463125,0.81,0.4,43,57
MF,0.14370228085271639,0.81,0.4,43,57
IL,0.5950088437210395,0.61,0.4,45,58
MF,0.29311662099873037,0.61,0.4,45,58
IL,0.5949546204340446,0.11,0.4,46,59
MF,0.6221035410328712,0.11,0.4,46,59
IL,0.5949656321806884,0.61,0.4,51,60
MF,0.297429363890295,0.61,0.4,51,60
IL,0.5948971021930555,0.95,0.4,44,61
MF,0.03678153803142432,0.95,0.4,44,61
IL,0.594928230338182,0.16,0.4,48,62
MF,0.5199271623682654,0.16,0.4,48,62
IL,0.5951860231822415,0.37,0.4,43,63
MF,0.46967043164860706,0.37,0.4,43,63
IL,0.5949443213432896,0.95,0.4,50,64
MF,0.05034364179172213,0.95,0.4,50,64
IL,0.5950149595961715,0.78,0.4,48,65
MF,0.1897648860303799,0.78,0.4,48,65
IL,0.5949086309735557,0.59,0.4,43,66
MF,0.2553805717642136,0.59,0.4,43,66
IL,0.5950581567675071,0.75,0.4,42,67
MF,0.21442893410430752,0.75,0.4,42,67
IL,0.5949826716973069,0.54,0.4,49,68
MF,0.31935108769209053,0.54,0.4,49,68
IL,0.5950685099619978,0.05,0.4,43,69
MF,0.7553357955279741,0.05,0.4,43,69
IL,0.5952335701686868,0.24,0.4,48,70
MF,0.5290251959750021,0.24,0.4,48,70
IL,0.5951972481952653,0.08,0.4,49,71
MF,0.7211762428921195,0.08,0.4,49,71
IL,0.5951040291349106,0.29,0.4,42,72
MF,0.5486403710863053,0.29,0.4,42,72
IL,0.5949462449432085,0.95,0.4,46,73
MF,0.06931914828404276,0.95,0.4,46,73
IL,0.5949104649872292,0.66,0.4,49,74
MF,0.24094245320469831,0.66,0.4,49,74
IL,0.5949697434006677,0.47,0.4,42,75
MF,0.3916650226831049,0.47,0.4,42,75
IL,0.595352473510986,0.11,0.4,50,76
MF,0.5698541949599631,0.11,0.4,50,76
IL,0.5949690304890817,0.61,0.4,47,77
MF,0.27928157303156165,0.61,0.4,47,77
IL,0.5950214736570656,0.92,0.4,48,78
MF,0.06307450449365175,0.92,0.4,48,78
IL,0.595237264112656,0.11,0.4,44,79
MF,0.5779979172236888,0.11,0.4,44,79
IL,0.5948110407762142,0.53,0.4,45,80
MF,0.29988538691281263,0.53,0.4,45,80
IL,0.5950410307441302,0.53,0.4,51,81
MF,0.3589292065242638,0.53,0.4,51,81
IL,0.5948817711879809,0.23,0.4,46,82
MF,0.4969756641143754,0.23,0.4,46,82
IL,0.59506746813798,0.69,0.4,44,83
MF,0.2505673332130432,0.69,0.4,44,83
IL,0.5950889876584557,0.35,0.4,46,84
MF,0.4757725441295648,0.35,0.4,46,84
IL,0.5950669834930656,0.45,0.4,51,85
MF,0.3810078884244318,0.45,0.4,51,85
IL,0.595020803097745,0.19,0.4,47,86
MF,0.5320984127055292,0.19,0.4,47,86
IL,0.595041872864155,0.45,0.4,45,87
MF,0.4034937872814382,0.45,0.4,45,87
IL,0.5949842177236523,0.69,0.4,50,88
MF,0.22773125480354314,0.69,0.4,50,88
IL,0.5952967397675056,0.07,0.4,44,89
MF,0.64295117632405,0.07,0.4,44,89
IL,0.595081771520843,0.84,0.4,48,90
MF,0.16929732797760588,0.84,0.4,48,90
IL,0.5950464391595812,0.77,0.4,47,91
MF,0.20491403341641234,0.77,0.4,47,91
IL,0.5950434712846847,0.1,0.4,49,92
MF,0.6720810381972843,0.1,0.4,49,92
IL,0.5946759460628301,0.07,0.4,50,93
MF,0.5307828047627519,0.07,0.4,50,93
IL,0.5949828354193973,0.89,0.4,42,94
MF,0.11422335058167803,0.89,0.4,42,94
IL,0.5949751888277676,0.6,0.4,47,95
MF,0.3242379531090696,0.6,0.4,47,95
IL,0.5950038415758098,0.51,0.4,42,96
MF,0.3669932481729507,0.51,0.4,42,96
IL,0.5950182515148934,0.83,0.4,46,97
MF,0.1702133838747085,0.83,0.4,46,97
IL,0.5951345130359685,0.13,0.4,43,98
MF,0.5609434183177977,0.13,0.4,43,98
IL,0.5951339415028892,0.32,0.4,48,99
MF,0.4940473619832701,0.32,0.4,48,99
IL,0.5944181673818335,0.13,0.4,42,100
MF,0.39835836237798133,0.13,0.4,42,100
IL,0.5950941462504984,0.32,0.4,49,101
MF,0.5043387895093356,0.32,0.4,49,101
IL,0.5950405571511918,0.83,0.4,47,102
MF,0.14109085295374618,0.83,0.4,47,102
IL,0.5950218714383249,0.6,0.4,46,103
MF,0.3047477351383827,0.6,0.4,46,103
IL,0.5950299816512422,0.51,0.4,43,104
MF,0.4070096385241267,0.51,0.4,43,104
IL,0.5948344236132244,0.07,0.4,51,105
MF,0.5162604399415487,0.07,0.4,51,105
IL,0.5947165561227638,0.1,0.4,48,106
MF,0.600427073633633,0.1,0.4,48,106
IL,0.5949180259595681,0.77,0.4,46,107
MF,0.17368397001548125,0.77,0.4,46,107
IL,0.5949366395238834,0.89,0.4,43,108
MF,0.09329921719122712,0.89,0.4,43,108
IL,0.5950596334913237,0.84,0.4,49,109
MF,0.17200434283811258,0.84,0.4,49,109
IL,0.5950241953309795,0.07,0.4,45,110
MF,0.6394099366811753,0.07,0.4,45,110
IL,0.5949182320781576,0.69,0.4,51,111
MF,0.23086323676623616,0.69,0.4,51,111
IL,0.5949304348746336,0.45,0.4,44,112
MF,0.3579338768907316,0.45,0.4,44,112
IL,0.5949404356015517,0.19,0.4,46,113
MF,0.4832642162410208,0.19,0.4,46,113
IL,0.5948482072382797,0.45,0.4,50,114
MF,0.30278390823212153,0.45,0.4,50,114
IL,0.59502226024311,0.35,0.4,47,115
MF,0.45530468594855983,0.35,0.4,47,115
IL,0.5949834590207973,0.69,0.4,45,116
MF,0.2200095560445216,0.69,0.4,45,116
IL,0.5950372538955033,0.23,0.4,47,117
MF,0.5212428004570051,0.23,0.4,47,117
IL,0.5949225744520278,0.53,0.4,50,118
MF,0.3127578279850661,0.53,0.4,50,118
IL,0.5949626259383496,0.53,0.4,44,119
MF,0.35333555334124517,0.53,0.4,44,119
IL,0.595251998592404,0.11,0.4,45,120
MF,0.6882724679357326,0.11,0.4,45,120
IL,0.5950070428015497,0.92,0.4,49,121
MF,0.048164784998693054,0.92,0.4,49,121
IL,0.5949902672189149,0.61,0.4,46,122
MF,0.3250764059762067,0.61,0.4,46,122
IL,0.5953078398431597,0.11,0.4,51,123
MF,0.6270882587402163,0.11,0.4,51,123
IL,0.5949577120357723,0.66,0.4,48,124
MF,0.2746766494398355,0.66,0.4,48,124
IL,0.5949945195946083,0.47,0.4,43,125
MF,0.34914500393034575,0.47,0.4,43,125
IL,0.5949684872293924,0.95,0.4,47,126
MF,0.03284569383414644,0.95,0.4,47,126
IL,0.594762173945004,0.08,0.4,48,127
MF,0.600339727418233,0.08,0.4,48,127
IL,0.5948776473066268,0.29,0.4,43,128
MF,0.40856813923054763,0.29,0.4,43,128
IL,0.5952993222310748,0.05,0.4,42,129
MF,0.7413847745462763,0.05,0.4,42,129
IL,0.5949696391624234,0.24,0.4,49,130
MF,0.488937963992201,0.24,0.4,49,130
IL,0.5949763653386139,0.95,0.4,43,131
MF,0.06330799594123297,0.95,0.4,43,131
IL,0.5950971981234364,0.37,0.4,44,132
MF,0.4368381501220833,0.37,0.4,44,132
IL,0.5948790034968586,0.37,0.4,50,133
MF,0.4531085392690605,0.37,0.4,50,133
IL,0.5950232584196339,0.98,0.4,49,134
MF,0.029106399541080616,0.98,0.4,49,134
IL,0.5950244322688242,0.47,0.4,47,135
MF,0.38035816999232513,0.47,0.4,47,135
IL,0.595054847103278,0.75,0.4,51,136
MF,0.18428257439302914,0.75,0.4,51,136
IL,0.5947446691144186,0.05,0.4,46,137
MF,0.6355733565926837,0.05,0.4,46,137
IL,0.5950264705396661,0.59,0.4,44,138
MF,0.3235544605428273,0.59,0.4,44,138
IL,0.5950705638669478,0.59,0.4,50,139
MF,0.32991683479158185,0.59,0.4,50,139
IL,0.5950298434497113,0.75,0.4,45,140
MF,0.21087619424751025,0.75,0.4,45,140
IL,0.5951211708668523,0.29,0.4,47,141
MF,0.5286487930570061,0.29,0.4,47,141
IL,0.5949518109314362,0.81,0.4,50,142
MF,0.15845250121959253,0.81,0.4,50,142
IL,0.5948900032542701,0.4,0.4,45,143
MF,0.41994007389328525,0.4,0.4,45,143
IL,0.594894444916448,0.23,0.4,43,144
MF,0.4607929209095897,0.23,0.4,43,144
IL,0.5951596730781938,0.02,0.4,48,145
MF,0.8364068920204065,0.02,0.4,48,145
IL,0.5950003439334105,0.81,0.4,44,146
MF,0.14089123860062147,0.81,0.4,44,146
IL,0.5948437656057607,0.4,0.4,51,147
MF,0.3299696166720035,0.4,0.4,51,147
IL,0.5950786978238776,0.61,0.4,42,148
MF,0.32008517988779744,0.61,0.4,42,148
IL,0.5950126741380058,0.89,0.4,47,149
MF,0.10672441964921006,0.89,0.4,47,149
IL,0.5949812524539766,0.56,0.4,49,150
MF,0.31931195627752607,0.56,0.4,49,150
IL,0.5949778519060634,0.77,0.4,42,151
MF,0.17754637750513202,0.77,0.4,42,151
IL,0.5949625487772189,0.35,0.4,43,152
MF,0.487351218294318,0.35,0.4,43,152
IL,0.5950324792070092,0.97,0.4,44,153
MF,0.043765886727651436,0.97,0.4,44,153
IL,0.594841649656671,0.14,0.4,48,154
MF,0.5288616521584882,0.14,0.4,48,154
IL,0.5949955863987964,0.97,0.4,50,155
MF,0.005562954711616038,0.97,0.4,50,155
IL,0.5950338240480487,0.38,0.4,49,156
MF,0.400760716645953,0.38,0.4,49,156
IL,0.5953897003764176,0.19,0.4,42,157
MF,0.5464623316245188,0.19,0.4,42,157
IL,0.595074770035293,0.63,0.4,45,158
MF,0.35557362895510264,0.63,0.4,45,158
IL,0.5947999842514422,0.13,0.4,46,159
MF,0.5876826639176016,0.13,0.4,46,159
IL,0.5950561560258146,0.63,0.4,51,160
MF,0.2939441815929052,0.63,0.4,51,160
IL,0.5949538415733958,0.51,0.4,47,161
MF,0.3550044014406328,0.51,0.4,47,161
IL,0.5950755983330396,0.21,0.4,50,162
MF,0.49260120990862905,0.21,0.4,50,162
IL,0.5949203635995794,0.6,0.4,42,163
MF,0.3404677020504542,0.6,0.4,42,163
IL,0.5950241484295542,0.83,0.4,43,164
MF,0.14576327513195175,0.83,0.4,43,164
IL,0.5950707376967203,0.21,0.4,44,165
MF,0.4442269845590929,0.21,0.4,44,165
IL,0.5950424291876261,0.83,0.4,42,166
MF,0.1369000056465075,0.83,0.4,42,166
IL,0.5952421307837811,0.21,0.4,45,167
MF,0.4818026848714012,0.21,0.4,45,167
IL,0.5947965147247241,0.21,0.4,51,168
MF,0.5236797077046922,0.21,0.4,51,168
IL,0.5948405382650646,0.51,0.4,46,169
MF,0.33627947694047367,0.51,0.4,46,169
IL,0.5950278703135609,0.6,0.4,43,170
MF,0.30981799451451336,0.6,0.4,43,170
IL,0.5949687074515244,0.63,0.4,50,171
MF,0.23745541601258383,0.63,0.4,50,171
IL,0.5950598625016453,0.13,0.4,47,172
MF,0.5631186849329932,0.13,0.4,47,172
IL,0.5948529513149983,0.63,0.4,44,173
MF,0.29853540515747556,0.63,0.4,44,173
IL,0.59496287897443,0.38,0.4,48,174
MF,0.4514634182577264,0.38,0.4,48,174
IL,0.5950384849011638,0.97,0.4,51,175
MF,0.030172051912048005,0.97,0.4,51,175
IL,0.5951589830322487,0.19,0.4,43,176
MF,0.5371303454716181,0.19,0.4,43,176
IL,0.5949237691669947,0.35,0.4,42,177
MF,0.43534507434269665,0.35,0.4,42,177
IL,0.5950623921408753,0.14,0.4,49,178
MF,0.5559976876540286,0.14,0.4,49,178
IL,0.595022763797307,0.97,0.4,45,179
MF,0.022042442276906674,0.97,0.4,45,179
IL,0.594963226093302,0.56,0.4,48,180
MF,0.3442995631413074,0.56,0.4,48,180
IL,0.5949837683238688,0.89,0.4,46,181
MF,0.11251894392921422,0.89,0.4,46,181
IL,0.5950460104998592,0.77,0.4,43,182
MF,0.2536196332820844,0.77,0.4,43,182
IL,0.5950953088399382,0.61,0.4,43,183
MF,0.3059653722684271,0.61,0.4,43,183
IL,0.5950676113687847,0.23,0.4,42,184
MF,0.4986046011423517,0.23,0.4,42,184
IL,0.5949579461108113,0.4,0.4,50,185
MF,0.3940981542330868,0.4,0.4,50,185
IL,0.5950060522435466,0.81,0.4,45,186
MF,0.15664276917837777,0.81,0.4,45,186
IL,0.5950334325016722,0.02,0.4,49,187
MF,0.8595519494845159,0.02,0.4,49,187
IL,0.5950401767149346,0.4,0.4,44,188
MF,0.3905321809432613,0.4,0.4,44,188
IL,0.5950205314331238,0.81,0.4,51,189
MF,0.15898134036228947,0.81,0.4,51,189
IL,0.5950991527804075,0.29,0.4,46,190
MF,0.5021326005441544,0.29,0.4,46,190
IL,0.5950326763235662,0.75,0.4,44,191
MF,0.21127455004110185,0.75,0.4,44,191
IL,0.5950239120254477,0.59,0.4,51,192
MF,0.31417096910220793,0.59,0.4,51,192
IL,0.5950154537266682,0.59,0.4,45,193
MF,0.31599488889636296,0.59,0.4,45,193
IL,0.5950424074894908,0.05,0.4,47,194
MF,0.6832360542879825,0.05,0.4,47,194
IL,0.5951092024231731,0.75,0.4,50,195
MF,0.24755102790956002,0.75,0.4,50,195
IL,0.5950226879959398,0.47,0.4,46,196
MF,0.39788711850321995,0.47,0.4,46,196
IL,0.5949380341984648,0.98,0.4,48,197
MF,-0.011719081246677423,0.98,0.4,48,197
IL,0.5951076736811814,0.37,0.4,51,198
MF,0.4257342913694639,0.37,0.4,51,198
IL,0.5950205482036647,0.95,0.4,42,199
MF,0.0343457355888006,0.95,0.4,42,199
IL,0.5949919083246936,0.37,0.4,45,200
MF,0.3796490158699843,0.37,0.4,45,200
IL,0.5950875680874312,0.47,0.4,44,201
MF,0.4339839672269819,0.47,0.4,44,201
IL,0.5949519400948795,0.47,0.4,50,202
MF,0.3833513496284077,0.47,0.4,50,202
IL,0.595015973222558,0.37,0.4,47,203
MF,0.3904193669248076,0.37,0.4,47,203
IL,0.5943344592598618,0.05,0.4,51,204
MF,0.6901669323091982,0.05,0.4,51,204
IL,0.5951369992345344,0.3,0.4,48,205
MF,0.5046540690920471,0.3,0.4,48,205
IL,0.5950246835364076,0.75,0.4,46,206
MF,0.19659610224323265,0.75,0.4,46,206
IL,0.5951375961876862,0.29,0.4,44,207
MF,0.5246633839685164,0.29,0.4,44,207
IL,0.5949398694552329,0.86,0.4,49,208
MF,0.1341616868253117,0.86,0.4,49,208
IL,0.5950486726856324,0.29,0.4,50,209
MF,0.4620644050890023,0.29,0.4,50,209
IL,0.5951921921666643,0.05,0.4,45,210
MF,0.7563018199920502,0.05,0.4,45,210
IL,0.595065859898711,0.59,0.4,47,211
MF,0.30581248823105656,0.59,0.4,47,211
IL,0.595036153891356,0.81,0.4,47,212
MF,0.14638194311936545,0.81,0.4,47,212
IL,0.5949867287388959,0.53,0.4,43,213
MF,0.3247829677547901,0.53,0.4,43,213
IL,0.595048107512836,0.72,0.4,48,214
MF,0.19467939045630075,0.72,0.4,48,214
IL,0.5949516674312455,0.4,0.4,46,215
MF,0.40712430943015243,0.4,0.4,46,215
IL,0.5951750369307957,0.11,0.4,42,216
MF,0.6555144376972154,0.11,0.4,42,216
IL,0.5949962978963733,1.0,0.4,48,217
MF,-0.01873464737189195,1.0,0.4,48,217
IL,0.5949564537704493,0.89,0.4,44,218
MF,0.07215056698825471,0.89,0.4,44,218
IL,0.5950614499111458,0.26,0.4,49,219
MF,0.4879301895180797,0.26,0.4,49,219
IL,0.5949704883136846,0.89,0.4,50,220
MF,0.08982090409146434,0.89,0.4,50,220
IL,0.5948965334450447,0.07,0.4,42,221
MF,0.6867592888805695,0.07,0.4,42,221
IL,0.5950620851554148,0.45,0.4,43,222
MF,0.40480495170868813,0.45,0.4,43,222
IL,0.5949619522249412,0.64,0.4,48,223
MF,0.26541354149320273,0.64,0.4,48,223
IL,0.5949091573782236,0.97,0.4,47,224
MF,0.02697565602413545,0.97,0.4,47,224
IL,0.5948841841383482,0.48,0.4,49,225
MF,0.3555435392047442,0.48,0.4,49,225
IL,0.5949271152429982,0.69,0.4,42,226
MF,0.23797128511388832,0.69,0.4,42,226
IL,0.5953049361785805,0.13,0.4,45,227
MF,0.6341591407553951,0.13,0.4,45,227
IL,0.5951352924939102,0.63,0.4,46,228
MF,0.32369422542036547,0.63,0.4,46,228
IL,0.595021072788462,0.13,0.4,51,229
MF,0.5659823704437403,0.13,0.4,51,229
IL,0.5952204027575516,0.21,0.4,47,230
MF,0.5391112878308003,0.21,0.4,47,230
IL,0.5951027092841916,0.51,0.4,50,231
MF,0.398613058415655,0.51,0.4,50,231
IL,0.595003121947471,0.51,0.4,44,232
MF,0.3220299681544048,0.51,0.4,44,232
IL,0.5949159941694221,0.51,0.4,45,233
MF,0.36020281990645603,0.51,0.4,45,233
IL,0.5949892528184321,0.51,0.4,51,234
MF,0.3563492683711755,0.51,0.4,51,234
IL,0.5950415691014235,0.21,0.4,46,235
MF,0.5216220149600457,0.21,0.4,46,235
IL,0.5943537471967145,0.13,0.4,50,236
MF,0.42271609887840567,0.13,0.4,50,236
IL,0.5948140478176249,0.63,0.4,47,237
MF,0.22825932922100137,0.63,0.4,47,237
IL,0.595286554082124,0.13,0.4,44,238
MF,0.6092942162128887,0.13,0.4,44,238
IL,0.5950060333831764,0.48,0.4,48,239
MF,0.34518025667580976,0.48,0.4,48,239
IL,0.595028181241715,0.97,0.4,46,240
MF,-0.017924547760089553,0.97,0.4,46,240
IL,0.5949677153608379,0.69,0.4,43,241
MF,0.2305029260058046,0.69,0.4,43,241
IL,0.595086416358825,0.45,0.4,42,242
MF,0.3944595663243046,0.45,0.4,42,242
IL,0.5950701347924469,0.64,0.4,49,243
MF,0.2796994962716097,0.64,0.4,49,243
IL,0.5950323180514774,0.89,0.4,51,244
MF,0.09611959065574649,0.89,0.4,51,244
IL,0.5950701663719474,0.26,0.4,48,245
MF,0.4322474602045983,0.26,0.4,48,245
IL,0.5950756832329869,0.07,0.4,43,246
MF,0.6803665724609739,0.07,0.4,43,246
IL,0.5949235367407096,0.89,0.4,45,247
MF,0.07959737864485285,0.89,0.4,45,247
IL,0.5950078103289393,1.0,0.4,49,248
MF,0.014744765454320036,1.0,0.4,49,248
IL,0.5951688988573265,0.11,0.4,43,249
MF,0.6687165570094312,0.11,0.4,43,249
IL,0.5949785025274192,0.53,0.4,42,250
MF,0.3462199500926148,0.53,0.4,42,250
IL,0.5950355920851573,0.4,0.4,47,251
MF,0.3172084117197095,0.4,0.4,47,251
IL,0.5950622704198685,0.72,0.4,49,252
MF,0.24032275733400407,0.72,0.4,49,252
IL,0.5950314945198534,0.81,0.4,46,253
MF,0.1711270809714389,0.81,0.4,46,253
IL,0.5951138293475522,0.59,0.4,46,254
MF,0.38160207975198784,0.59,0.4,46,254
IL,0.595093474042519,0.05,0.4,44,255
MF,0.7245705347609139,0.05,0.4,44,255
IL,0.5951409419439737,0.29,0.4,51,256
MF,0.4974518061977589,0.29,0.4,51,256
IL,0.594922151194657,0.86,0.4,48,257
MF,0.08564672897846301,0.86,0.4,48,257
IL,0.5952115993998255,0.29,0.4,45,258
MF,0.47128227267059347,0.29,0.4,45,258
IL,0.5950329428175363,0.75,0.4,47,259
MF,0.19829092354636996,0.75,0.4,47,259
IL,0.5950885536359966,0.3,0.4,49,260
MF,0.46546931863692115,0.3,0.4,49,260
IL,0.5952388787847231,0.05,0.4,50,261
MF,0.7083079726786584,0.05,0.4,50,261
IL,0.5950623121071038,0.37,0.4,46,262
MF,0.38893552353945454,0.37,0.4,46,262
IL,0.5950098663204034,0.47,0.4,51,263
MF,0.3906454192528248,0.47,0.4,51,263
IL,0.5951032381851858,0.47,0.4,45,264
MF,0.45069955167995385,0.47,0.4,45,264
IL,0.5949932581660872,0.96,0.4,48,265
MF,0.040073433786707545,0.96,0.4,48,265
IL,0.5946558186835273,0.39,0.4,51,266
MF,0.2743355402996813,0.39,0.4,51,266
IL,0.5949524386296156,0.15,0.4,44,267
MF,0.5721633535976219,0.15,0.4,44,267
IL,0.5950198540064513,0.49,0.4,46,268
MF,0.3944554342206352,0.49,0.4,46,268
IL,0.5950905307720321,0.15,0.4,50,269
MF,0.5930897025031293,0.15,0.4,50,269
IL,0.5950073265944061,0.65,0.4,47,270
MF,0.2867572352998129,0.65,0.4,47,270
IL,0.5950556347869571,0.39,0.4,45,271
MF,0.46454912966904294,0.39,0.4,45,271
IL,0.594979247047998,0.57,0.4,51,272
MF,0.3259735233320563,0.57,0.4,51,272
IL,0.5950161734187491,0.27,0.4,46,273
MF,0.5388652042823681,0.27,0.4,46,273
IL,0.5950912400509865,0.57,0.4,45,274
MF,0.3412047952901451,0.57,0.4,45,274
IL,0.5942417507912553,0.01,0.4,43,275
MF,0.7356647963547618,0.01,0.4,43,275
IL,0.5948806136002093,0.62,0.4,49,276
MF,0.2768733561672384,0.62,0.4,49,276
IL,0.5949687235514556,0.43,0.4,42,277
MF,0.4183089605575873,0.43,0.4,42,277
IL,0.5950086727808882,0.91,0.4,46,278
MF,0.053821725221564296,0.91,0.4,46,278
IL,0.5949656447362429,0.79,0.4,43,279
MF,0.1790041481058736,0.79,0.4,43,279
IL,0.5949715207270366,0.87,0.4,46,280
MF,0.10515242316270135,0.87,0.4,46,280
IL,0.5949510563138728,0.58,0.4,48,281
MF,0.28032684822398174,0.58,0.4,48,281
IL,0.5950178569323896,0.74,0.4,49,282
MF,0.24254385688037847,0.74,0.4,49,282
IL,0.5952204395740996,0.2,0.4,47,283
MF,0.5910694718681447,0.2,0.4,47,283
IL,0.5949011260341361,0.55,0.4,42,284
MF,0.3128696669031628,0.55,0.4,42,284
IL,0.5948890956167316,0.17,0.4,43,285
MF,0.5567221246849913,0.17,0.4,43,285
IL,0.5951664969908558,0.36,0.4,48,286
MF,0.5061956950592914,0.36,0.4,48,286
IL,0.5949989897807438,0.99,0.4,51,287
MF,-0.008928842609432863,0.99,0.4,51,287
IL,0.5950575512482902,0.99,0.4,45,288
MF,0.011961957430254643,0.99,0.4,45,288
IL,0.594936169728112,0.41,0.4,45,289
MF,0.4041976805527633,0.41,0.4,45,289
IL,0.5946245556008835,0.31,0.4,46,290
MF,0.31931983981549134,0.31,0.4,46,290
IL,0.594974265221001,0.41,0.4,51,291
MF,0.39215687266122046,0.41,0.4,51,291
IL,0.594940504336793,0.5,0.4,49,292
MF,0.3423244273368454,0.5,0.4,49,292
IL,0.5950066052234977,0.73,0.4,47,293
MF,0.20256782019881758,0.73,0.4,47,293
IL,0.5950503247499364,0.03,0.4,50,294
MF,0.7566282542064292,0.03,0.4,50,294
IL,0.5949805223048437,0.8,0.4,43,295
MF,0.181975919617523,0.8,0.4,43,295
IL,0.5953111242046696,0.03,0.4,44,296
MF,0.8189026649226027,0.03,0.4,44,296
IL,0.5949488932281561,0.8,0.4,42,297
MF,0.1562550060918188,0.8,0.4,42,297
IL,0.5950927669568249,0.03,0.4,45,298
MF,0.7804776270884647,0.03,0.4,45,298
IL,0.5946916740579831,0.03,0.4,51,299
MF,0.7749895720453291,0.03,0.4,51,299
IL,0.5949415724079723,0.73,0.4,46,300
MF,0.1961910410639051,0.73,0.4,46,300
IL,0.5950129264029268,0.5,0.4,48,301
MF,0.3571560751748962,0.5,0.4,48,301
IL,0.594946172782043,0.41,0.4,50,302
MF,0.35790084929121846,0.41,0.4,50,302
IL,0.5947800194949231,0.31,0.4,47,303
MF,0.46663850687535635,0.31,0.4,47,303
IL,0.5950808985131503,0.41,0.4,44,304
MF,0.4326794486921715,0.41,0.4,44,304
IL,0.5950404828989756,0.99,0.4,44,305
MF,0.014222277477536596,0.99,0.4,44,305
IL,0.5943358767921695,0.17,0.4,42,306
MF,0.40428705027507456,0.17,0.4,42,306
IL,0.5950095205064461,0.99,0.4,50,307
MF,0.03132008364872142,0.99,0.4,50,307
IL,0.595093988139465,0.36,0.4,49,308
MF,0.449047323181897,0.36,0.4,49,308
IL,0.5949988150661064,0.2,0.4,46,309
MF,0.46342343693609545,0.2,0.4,46,309
IL,0.5950529734507388,0.74,0.4,48,310
MF,0.20790105576229392,0.74,0.4,48,310
IL,0.5949613344634672,0.55,0.4,43,311
MF,0.3411952972944822,0.55,0.4,43,311
IL,0.5949460382015427,0.79,0.4,42,312
MF,0.19225890944309756,0.79,0.4,42,312
IL,0.5950415000620966,0.58,0.4,49,313
MF,0.305921506792637,0.58,0.4,49,313
IL,0.5949910493924665,0.87,0.4,47,314
MF,0.09495049173568468,0.87,0.4,47,314
IL,0.5950519951213238,0.91,0.4,47,315
MF,0.1010295066039658,0.91,0.4,47,315
IL,0.5949439987008044,0.62,0.4,48,316
MF,0.3027584603520819,0.62,0.4,48,316
IL,0.5950748683811377,0.43,0.4,43,317
MF,0.4324010141390215,0.43,0.4,43,317
IL,0.5949792751453449,0.01,0.4,42,318
MF,0.8763606767019999,0.01,0.4,42,318
IL,0.5950160508665767,0.57,0.4,44,319
MF,0.33663999456602206,0.57,0.4,44,319
IL,0.5945120985134212,0.27,0.4,47,320
MF,0.383688662495216,0.27,0.4,47,320
IL,0.5950453140515679,0.57,0.4,50,321
MF,0.35099342034012315,0.57,0.4,50,321
IL,0.5951036039963519,0.39,0.4,44,322
MF,0.4704877570253515,0.39,0.4,44,322
IL,0.594975780626068,0.65,0.4,46,323
MF,0.26232328314839076,0.65,0.4,46,323
IL,0.5949948341693925,0.15,0.4,51,324
MF,0.6321094530514031,0.15,0.4,51,324
IL,0.5951737108280356,0.49,0.4,47,325
MF,0.3658123758319947,0.49,0.4,47,325
IL,0.5949700631400636,0.15,0.4,45,326
MF,0.5470344275597719,0.15,0.4,45,326
IL,0.5950587665800011,0.39,0.4,50,327
MF,0.4096741347456984,0.39,0.4,50,327
IL,0.5950012586231455,0.96,0.4,49,328
MF,0.032748780143399464,0.96,0.4,49,328
IL,0.5949581503283348,0.49,0.4,51,329
MF,0.3312543052429405,0.49,0.4,51,329
IL,0.5949592930640948,0.65,0.4,44,330
MF,0.2721512086725585,0.65,0.4,44,330
IL,0.5950580997914988,0.39,0.4,46,331
MF,0.4511434309126136,0.39,0.4,46,331
IL,0.5950351905845795,0.65,0.4,50,332
MF,0.2857636472044173,0.65,0.4,50,332
IL,0.5950316987835588,0.15,0.4,47,333
MF,0.5792313113691443,0.15,0.4,47,333
IL,0.5950001138232763,0.49,0.4,45,334
MF,0.46129104833784323,0.49,0.4,45,334
IL,0.5953569696969696,0.0,0.4,43,335
MF,0.9889078991933873,0.0,0.4,43,335
IL,0.59505218320579,0.27,0.4,51,336
MF,0.45499750282446655,0.27,0.4,51,336
IL,0.5948579114150123,0.88,0.4,48,337
MF,0.08376507260211227,0.88,0.4,48,337
IL,0.5951653670569069,0.57,0.4,46,338
MF,0.3137085678498317,0.57,0.4,46,338
IL,0.5950143816850036,0.27,0.4,45,339
MF,0.5042904798515853,0.27,0.4,45,339
IL,0.5949267967395766,0.85,0.4,42,340
MF,0.11245634056934105,0.85,0.4,42,340
IL,0.595035173072343,0.71,0.4,43,341
MF,0.2419796430199224,0.71,0.4,43,341
IL,0.5951290726354544,0.12,0.4,49,342
MF,0.5174812547339487,0.12,0.4,49,342
IL,0.5949342811469217,0.91,0.4,45,343
MF,0.02773398795734689,0.91,0.4,45,343
IL,0.5950266111449264,0.33,0.4,42,344
MF,0.4008232440586388,0.33,0.4,42,344
IL,0.5950358789260668,0.91,0.4,51,345
MF,0.08298036631284991,0.91,0.4,51,345
IL,0.594986628868652,0.09,0.4,43,346
MF,0.6286621051838011,0.09,0.4,43,346
IL,0.5947972633962438,0.2,0.4,44,347
MF,0.57841942385648,0.2,0.4,44,347
IL,0.5949103719377559,0.87,0.4,51,348
MF,0.09992279469919793,0.87,0.4,51,348
IL,0.5949900897725368,0.28,0.4,48,349
MF,0.38664729326237207,0.28,0.4,48,349
IL,0.5953961155787109,0.2,0.4,50,350
MF,0.6382283232612028,0.2,0.4,50,350
IL,0.5950183756806489,0.87,0.4,45,351
MF,0.10226440895705602,0.87,0.4,45,351
IL,0.5952372891233922,0.04,0.4,49,352
MF,0.8063715745821877,0.04,0.4,49,352
IL,0.5949914337383413,0.25,0.4,42,353
MF,0.525635551440245,0.25,0.4,42,353
IL,0.59495353795302,0.67,0.4,43,354
MF,0.29000057942853863,0.67,0.4,43,354
IL,0.595035907976049,0.99,0.4,46,355
MF,-0.002025001142648201,0.99,0.4,46,355
IL,0.5950320997570185,0.46,0.4,48,356
MF,0.42000652384285014,0.46,0.4,48,356
IL,0.5950564268740005,0.31,0.4,45,357
MF,0.5636111592114865,0.31,0.4,45,357
IL,0.5950284899457743,0.93,0.4,42,358
MF,0.06012641611431414,0.93,0.4,42,358
IL,0.5949888565530237,0.41,0.4,46,359
MF,0.3667868866897483,0.41,0.4,46,359
IL,0.5948518457816354,0.31,0.4,51,360
MF,0.3953563305527765,0.31,0.4,51,360
IL,0.5951909752997963,0.03,0.4,47,361
MF,0.7999264250744418,0.03,0.4,47,361
IL,0.5949735484684068,0.73,0.4,50,362
MF,0.2065147494441022,0.73,0.4,50,362
IL,0.5950167187557175,0.73,0.4,44,363
MF,0.2381936928360483,0.73,0.4,44,363
IL,0.5949019480931915,0.73,0.4,45,364
MF,0.19454217569193735,0.73,0.4,45,364
IL,0.5950434316560328,0.73,0.4,51,365
MF,0.23217730745320006,0.73,0.4,51,365
IL,0.5949348446476124,0.03,0.4,46,366
MF,0.7030738961587538,0.03,0.4,46,366
IL,0.595102094036419,0.31,0.4,50,367
MF,0.4209501019484865,0.31,0.4,50,367
IL,0.5949135731073811,0.41,0.4,47,368
MF,0.3934382760097506,0.41,0.4,47,368
IL,0.5951723401560716,0.31,0.4,44,369
MF,0.5211603776007353,0.31,0.4,44,369
IL,0.5950003963915462,0.93,0.4,43,370
MF,0.08744085020555466,0.93,0.4,43,370
IL,0.5949275047708384,0.67,0.4,42,371
MF,0.2594929550992988,0.67,0.4,42,371
IL,0.5949931286208273,0.46,0.4,49,372
MF,0.4117965860296835,0.46,0.4,49,372
IL,0.5949345624571724,0.99,0.4,47,373
MF,-0.0030147763526150117,0.99,0.4,47,373
IL,0.5952472247644789,0.04,0.4,48,374
MF,0.7351284321407149,0.04,0.4,48,374
IL,0.594988350681452,0.87,0.4,44,375
MF,0.11647208027683718,0.87,0.4,44,375
IL,0.5952053011696081,0.2,0.4,51,376
MF,0.5510831652308388,0.2,0.4,51,376
IL,0.5952491207533197,0.25,0.4,43,377
MF,0.5431149885331127,0.25,0.4,43,377
IL,0.5953631423657834,0.09,0.4,42,378
MF,0.7214005549275765,0.09,0.4,42,378
IL,0.5951391169263226,0.28,0.4,49,379
MF,0.4746854380983331,0.28,0.4,49,379
IL,0.5950054152184475,0.87,0.4,50,380
MF,0.0731038379650472,0.87,0.4,50,380
IL,0.5950933002159673,0.2,0.4,45,381
MF,0.5655056464631927,0.2,0.4,45,381
IL,0.5950460259330519,0.91,0.4,50,382
MF,0.07530788927483191,0.91,0.4,50,382
IL,0.5950110203903658,0.91,0.4,44,383
MF,0.07346921752346088,0.91,0.4,44,383
IL,0.5951374916236595,0.12,0.4,48,384
MF,0.6014103468802043,0.12,0.4,48,384
IL,0.5948757554180683,0.33,0.4,43,385
MF,0.34239544374249786,0.33,0.4,43,385
IL,0.5949916712148537,0.71,0.4,42,386
MF,0.2360556188997516,0.71,0.4,42,386
IL,0.5950795706218489,0.27,0.4,44,387
MF,0.5573890837306215,0.27,0.4,44,387
IL,0.5950081473433235,0.85,0.4,43,388
MF,0.11286922098588797,0.85,0.4,43,388
IL,0.5941711207811796,0.0,0.4,42,389
MF,0.9894554580704915,0.0,0.4,42,389
IL,0.5950139846481765,0.57,0.4,47,390
MF,0.2744379820791771,0.57,0.4,47,390
IL,0.5949438119110955,0.88,0.4,49,391
MF,0.12626363077331879,0.88,0.4,49,391
IL,0.5950031262319936,0.27,0.4,50,392
MF,0.5323898519399791,0.27,0.4,50,392
IL,0.5950872397914262,0.49,0.4,44,393
MF,0.4139748238971677,0.49,0.4,44,393
IL,0.5951445237442192,0.15,0.4,46,394
MF,0.5981322230121887,0.15,0.4,46,394
IL,0.5948205081172951,0.65,0.4,51,395
MF,0.24169821239212075,0.65,0.4,51,395
IL,0.5947909822713792,0.39,0.4,47,396
MF,0.37674945747711697,0.39,0.4,47,396
IL,0.5949148802107493,0.65,0.4,45,397
MF,0.24540873249052503,0.65,0.4,45,397
IL,0.5950744986135517,0.49,0.4,50,398
MF,0.39275440420984503,0.49,0.4,50,398
IL,0.5950424232329319,0.57,0.4,43,399
MF,0.33605745024280553,0.57,0.4,43,399
IL,0.5950401002331002,0.0,0.4,46,400
MF,0.9893601210976869,0.0,0.4,46,400
IL,0.5948799393723628,0.76,0.4,48,401
MF,0.17199942955555872,0.76,0.4,48,401
IL,0.5949547922842637,0.85,0.4,47,402
MF,0.08760766264506042,0.85,0.4,47,402
IL,0.5950223029525794,0.39,0.4,43,403
MF,0.41021674580427364,0.39,0.4,43,403
IL,0.5950813002474926,0.18,0.4,48,404
MF,0.5973324690358435,0.18,0.4,48,404
IL,0.5949934587826404,0.34,0.4,49,405
MF,0.45334463171050204,0.34,0.4,49,405
IL,0.5949295539872937,0.15,0.4,42,406
MF,0.5346259479215876,0.15,0.4,42,406
IL,0.5950113371580465,0.43,0.4,50,407
MF,0.37115802364191197,0.43,0.4,50,407
IL,0.5950225226852259,0.33,0.4,47,408
MF,0.47685728151969214,0.33,0.4,47,408
IL,0.5950914962486797,0.43,0.4,44,409
MF,0.41296999007291624,0.43,0.4,44,409
IL,0.5950467865623519,0.82,0.4,49,410
MF,0.1730705249931638,0.82,0.4,49,410
IL,0.5958836046496242,0.01,0.4,45,411
MF,0.9134320796434631,0.01,0.4,45,411
IL,0.5945471644943154,0.01,0.4,51,412
MF,0.8180930983527956,0.01,0.4,51,412
IL,0.5950964755220668,0.71,0.4,46,413
MF,0.2661216059047367,0.71,0.4,46,413
IL,0.5948721378584781,0.7,0.4,48,414
MF,0.20176269757487345,0.7,0.4,48,414
IL,0.5949875095269187,0.99,0.4,43,415
MF,0.003594979742696394,0.99,0.4,43,415
IL,0.5950089713895785,0.67,0.4,46,416
MF,0.24523353196234898,0.67,0.4,46,416
IL,0.5947795606539421,0.17,0.4,51,417
MF,0.48075877420111346,0.17,0.4,51,417
IL,0.595168545136495,0.17,0.4,45,418
MF,0.5612543048039547,0.17,0.4,45,418
IL,0.5950104965293129,0.94,0.4,49,419
MF,0.05951703575677678,0.94,0.4,49,419
IL,0.5949190085785125,0.09,0.4,46,420
MF,0.5554797907056747,0.09,0.4,46,420
IL,0.5950480095941947,0.55,0.4,44,421
MF,0.3674575166724081,0.55,0.4,44,421
IL,0.595024200175972,0.79,0.4,51,422
MF,0.1667474047199747,0.79,0.4,51,422
IL,0.5950007451815806,0.79,0.4,45,423
MF,0.17496247506184326,0.79,0.4,45,423
IL,0.5952117527313515,0.25,0.4,47,424
MF,0.48957917150232727,0.25,0.4,47,424
IL,0.5949985163221215,0.55,0.4,50,425
MF,0.3662650280323193,0.55,0.4,50,425
IL,0.5949577650974753,0.22,0.4,49,426
MF,0.5112628029732096,0.22,0.4,49,426
IL,0.5950073255003383,0.8,0.4,45,427
MF,0.18271151507317296,0.8,0.4,45,427
IL,0.5949175592968973,0.03,0.4,42,428
MF,0.7301187343671499,0.03,0.4,42,428
IL,0.5950332367528448,0.8,0.4,51,429
MF,0.14995017292606538,0.8,0.4,51,429
IL,0.5949760982130956,0.93,0.4,47,430
MF,0.06722874669659117,0.93,0.4,47,430
IL,0.595003227253102,0.41,0.4,43,431
MF,0.4179840338531155,0.41,0.4,43,431
IL,0.594973894291112,0.41,0.4,42,432
MF,0.40287911825043554,0.41,0.4,42,432
IL,0.5949785661474088,0.93,0.4,46,433
MF,0.05089077947166077,0.93,0.4,46,433
IL,0.5950353702938682,0.8,0.4,50,434
MF,0.15838124717247307,0.8,0.4,50,434
IL,0.5950235262343049,0.8,0.4,44,435
MF,0.18150523673398491,0.8,0.4,44,435
IL,0.5948152444626024,0.22,0.4,48,436
MF,0.5437801399378762,0.22,0.4,48,436
IL,0.5950685387594921,0.03,0.4,43,437
MF,0.7404942671268896,0.03,0.4,43,437
IL,0.5950601406392921,0.55,0.4,51,438
MF,0.31562237194279935,0.55,0.4,51,438
IL,0.594975752976499,0.25,0.4,46,439
MF,0.5402443667461612,0.25,0.4,46,439
IL,0.5949527073984258,0.79,0.4,44,440
MF,0.1764954008992143,0.79,0.4,44,440
IL,0.5949281738758226,0.79,0.4,50,441
MF,0.17008259759018052,0.79,0.4,50,441
IL,0.5948770061659736,0.55,0.4,45,442
MF,0.3027797270788915,0.55,0.4,45,442
IL,0.5947803105662317,0.09,0.4,47,443
MF,0.5267964680146889,0.09,0.4,47,443
IL,0.5950176508035534,0.94,0.4,48,444
MF,0.0457231613833139,0.94,0.4,48,444
IL,0.5953704763266583,0.17,0.4,44,445
MF,0.5772606786204664,0.17,0.4,44,445
IL,0.5949401035200855,0.99,0.4,42,446
MF,-0.008312354053552264,0.99,0.4,42,446
IL,0.5952297047722965,0.17,0.4,50,447
MF,0.5916909952431886,0.17,0.4,50,447
IL,0.5950438768396852,0.67,0.4,47,448
MF,0.2597257304333205,0.67,0.4,47,448
IL,0.5950477318762735,0.7,0.4,49,449
MF,0.22545814132440742,0.7,0.4,49,449
IL,0.5950865144342473,0.71,0.4,47,450
MF,0.28543272588819874,0.71,0.4,47,450
IL,0.5954369182293454,0.01,0.4,50,451
MF,0.9142078230787234,0.01,0.4,50,451
IL,0.5948114764626498,0.01,0.4,44,452
MF,0.9130415690672192,0.01,0.4,44,452
IL,0.5950401674899157,0.82,0.4,48,453
MF,0.15677122217780776,0.82,0.4,48,453
IL,0.5950321091321266,0.43,0.4,45,454
MF,0.40129451876495187,0.43,0.4,45,454
IL,0.5949096189913127,0.33,0.4,46,455
MF,0.40135579288892925,0.33,0.4,46,455
IL,0.595047991843856,0.43,0.4,51,456
MF,0.407320379601915,0.43,0.4,51,456
IL,0.5948995446995031,0.34,0.4,48,457
MF,0.43960558776630515,0.34,0.4,48,457
IL,0.5949162799638263,0.15,0.4,43,458
MF,0.5868236110299566,0.15,0.4,43,458
IL,0.5949501598171354,0.39,0.4,42,459
MF,0.40891221288210156,0.39,0.4,42,459
IL,0.5948925692627028,0.18,0.4,49,460
MF,0.558066141083396,0.18,0.4,49,460
IL,0.595011091677266,0.85,0.4,46,461
MF,0.08024143799820921,0.85,0.4,46,461
IL,0.5950704980603859,0.57,0.4,42,462
MF,0.33839950337920366,0.57,0.4,42,462
IL,0.5949088499288947,0.76,0.4,49,463
MF,0.213670013115772,0.76,0.4,49,463
IL,0.5948690294411471,0.0,0.4,47,464
MF,0.9880483019291456,0.0,0.4,47,464
IL,0.5949536397202274,0.27,0.4,43,465
MF,0.48725900035452496,0.27,0.4,43,465
IL,0.595188210601815,0.06,0.4,48,466
MF,0.7269543134512794,0.06,0.4,48,466
IL,0.5953733755223105,0.0,0.4,51,467
MF,0.9849164868558926,0.0,0.4,51,467
IL,0.5949302978036314,0.85,0.4,44,468
MF,0.09118928910265768,0.85,0.4,44,468
IL,0.5948633861875998,0.0,0.4,45,469
MF,0.9860520183801853,0.0,0.4,45,469
IL,0.5949971800383586,0.85,0.4,50,470
MF,0.10196028982127098,0.85,0.4,50,470
IL,0.5950338824823747,0.49,0.4,43,471
MF,0.3366905692963474,0.49,0.4,43,471
IL,0.5950726220410938,0.68,0.4,48,472
MF,0.3033731850788896,0.68,0.4,48,472
IL,0.5950718018038488,0.44,0.4,49,473
MF,0.39151873636018775,0.44,0.4,49,473
IL,0.5950000890084655,0.65,0.4,42,474
MF,0.2768292649423292,0.65,0.4,42,474
IL,0.5948439786311804,0.33,0.4,50,475
MF,0.3666796446286505,0.33,0.4,50,475
IL,0.5950645759314469,0.43,0.4,47,476
MF,0.3853767510503618,0.43,0.4,47,476
IL,0.5950008345924598,0.91,0.4,43,477
MF,0.09230140138497038,0.91,0.4,43,477
IL,0.5951573334370749,0.33,0.4,44,478
MF,0.4575005090997151,0.33,0.4,44,478
IL,0.594945078278344,0.71,0.4,45,479
MF,0.1935719650305291,0.71,0.4,45,479
IL,0.595048323725294,0.71,0.4,51,480
MF,0.20902941861665114,0.71,0.4,51,480
IL,0.595156436368585,0.01,0.4,46,481
MF,0.8953662580835892,0.01,0.4,46,481
IL,0.5950874471403356,0.17,0.4,46,482
MF,0.5777460328573552,0.17,0.4,46,482
IL,0.5950258451266169,0.67,0.4,51,483
MF,0.2714049622327421,0.67,0.4,51,483
IL,0.5950766513121342,0.67,0.4,45,484
MF,0.29435984484167915,0.67,0.4,45,484
IL,0.5950171199731614,0.87,0.4,43,485
MF,0.11907461806596928,0.87,0.4,43,485
IL,0.5950276943093878,0.79,0.4,46,486
MF,0.17279917162955163,0.79,0.4,46,486
IL,0.5946945047944994,0.25,0.4,44,487
MF,0.4055527985419437,0.25,0.4,44,487
IL,0.594861086876266,0.09,0.4,51,488
MF,0.6519571005078753,0.09,0.4,51,488
IL,0.595182298109114,0.09,0.4,45,489
MF,0.6476856570978551,0.09,0.4,45,489
IL,0.5949447169400739,0.55,0.4,47,490
MF,0.29566403485074344,0.55,0.4,47,490
IL,0.594971993330795,0.25,0.4,50,491
MF,0.5357222207208376,0.25,0.4,50,491
IL,0.5949734909336639,0.2,0.4,42,492
MF,0.46183240145170384,0.2,0.4,42,492
IL,0.5950116247431676,0.52,0.4,49,493
MF,0.3455881231737716,0.52,0.4,49,493
IL,0.5950183811741517,0.73,0.4,42,494
MF,0.27344446088843527,0.73,0.4,42,494
IL,0.594966142899358,0.8,0.4,46,495
MF,0.15662309440033623,0.8,0.4,46,495
IL,0.5950544931163271,0.93,0.4,50,496
MF,0.06895076714479191,0.93,0.4,50,496
IL,0.5949427735955312,0.31,0.4,43,497
MF,0.3749951599538817,0.31,0.4,43,497
IL,0.5949493602619701,0.93,0.4,44,498
MF,0.051578591894460284,0.93,0.4,44,498
IL,0.5950636766241251,0.31,0.4,42,499
MF,0.4352771039579102,0.31,0.4,42,499
IL,0.5949429608772241,0.93,0.4,45,500
MF,0.06590519364399065,0.93,0.4,45,500
IL,0.595052810392456,0.93,0.4,51,501
MF,0.09344143309943427,0.93,0.4,51,501
IL,0.5950605333391504,0.8,0.4,47,502
MF,0.16214581890785576,0.8,0.4,47,502
IL,0.5950997777496769,0.52,0.4,48,503
MF,0.4176514431573747,0.52,0.4,48,503
IL,0.5951017780980109,0.73,0.4,43,504
MF,0.23607471088175994,0.73,0.4,43,504
IL,0.5950587898262761,0.25,0.4,51,505
MF,0.4979639423337517,0.25,0.4,51,505
IL,0.5950074651310792,0.55,0.4,46,506
MF,0.3230446523761005,0.55,0.4,46,506
IL,0.5952103091774088,0.09,0.4,44,507
MF,0.6838120521770333,0.09,0.4,44,507
IL,0.5950746028195956,0.2,0.4,43,508
MF,0.5321069612627298,0.2,0.4,43,508
IL,0.5950117235462415,0.87,0.4,42,509
MF,0.12562153344666133,0.87,0.4,42,509
IL,0.594632302929823,0.09,0.4,50,510
MF,0.554448450446244,0.09,0.4,50,510
IL,0.5950183071050679,0.25,0.4,45,511
MF,0.5118775566801304,0.25,0.4,45,511
IL,0.5948811535212469,0.79,0.4,47,512
MF,0.1520777151265518,0.79,0.4,47,512
IL,0.5949673852951223,0.67,0.4,44,513
MF,0.26850287503921283,0.67,0.4,44,513
IL,0.5949591749413716,0.67,0.4,50,514
MF,0.23433180732064862,0.67,0.4,50,514
IL,0.5949108053279091,0.17,0.4,47,515
MF,0.5507342277844953,0.17,0.4,47,515
IL,0.5952210885780885,0.01,0.4,47,516
MF,0.9311970980241493,0.01,0.4,47,516
IL,0.5949273523504122,0.71,0.4,50,517
MF,0.1932497960628057,0.71,0.4,50,517
IL,0.595078665024565,0.71,0.4,44,518
MF,0.24663499998529279,0.71,0.4,44,518
IL,0.5950040570066272,0.91,0.4,42,519
MF,0.07077907298405894,0.91,0.4,42,519
IL,0.5949468750356944,0.33,0.4,45,520
MF,0.4815587522227236,0.33,0.4,45,520
IL,0.595043400750922,0.43,0.4,46,521
MF,0.4419224811389334,0.43,0.4,46,521
IL,0.5950615360789164,0.33,0.4,51,522
MF,0.4726662109579733,0.33,0.4,51,522
IL,0.5949835512629991,0.44,0.4,48,523
MF,0.3896367765677651,0.44,0.4,48,523
IL,0.595036215508232,0.65,0.4,43,524
MF,0.256035283030619,0.65,0.4,43,524
IL,0.5949430578062098,0.49,0.4,42,525
MF,0.3887888572036416,0.49,0.4,42,525
IL,0.5949770354935907,0.68,0.4,49,526
MF,0.2349588373057382,0.68,0.4,49,526
IL,0.5950400901467956,0.85,0.4,51,527
MF,0.13381961596753802,0.85,0.4,51,527
IL,0.5939814037006595,0.0,0.4,44,528
MF,0.9862919728129907,0.0,0.4,44,528
IL,0.5948907921043392,0.27,0.4,42,529
MF,0.4993792842968672,0.27,0.4,42,529
IL,0.5949712054406454,0.85,0.4,45,530
MF,0.11798023048601283,0.85,0.4,45,530
IL,0.5954772955448553,0.0,0.4,50,531
MF,0.9767352490668951,0.0,0.4,50,531
IL,0.5948888255263679,0.06,0.4,49,532
MF,0.6934141574711252,0.06,0.4,49,532
IL,0.5948247927240751,0.06,0.4,50,533
MF,0.651545248965902,0.06,0.4,50,533
IL,0.5949567528584715,0.76,0.4,47,534
MF,0.18143948908449603,0.76,0.4,47,534
IL,0.5951253127760201,0.0,0.4,49,535
MF,0.9896658260694108,0.0,0.4,49,535
IL,0.5949525992115479,0.88,0.4,42,536
MF,0.10628321859202902,0.88,0.4,42,536
IL,0.5949464733895671,0.85,0.4,48,537
MF,0.09106950999605724,0.85,0.4,48,537
IL,0.5951669356246123,0.06,0.4,44,538
MF,0.7262501469080241,0.06,0.4,44,538
IL,0.5950144149116298,0.68,0.4,50,539
MF,0.2606891635762982,0.68,0.4,50,539
IL,0.594926810461505,0.18,0.4,47,540
MF,0.4309012915975134,0.18,0.4,47,540
IL,0.5949249524420145,0.44,0.4,45,541
MF,0.3628069666267912,0.44,0.4,45,541
IL,0.5950020263257515,0.44,0.4,51,542
MF,0.42553204527276056,0.44,0.4,51,542
IL,0.5950095302462399,0.68,0.4,44,543
MF,0.2267792510178091,0.68,0.4,44,543
IL,0.5949295251391779,0.34,0.4,46,544
MF,0.4131602100455776,0.34,0.4,46,544
IL,0.5948535141187399,0.12,0.4,43,545
MF,0.47918008819160823,0.12,0.4,43,545
IL,0.5950804224251363,0.33,0.4,48,546
MF,0.47658051582672234,0.33,0.4,48,546
IL,0.5949960421825986,0.82,0.4,46,547
MF,0.17447362981552575,0.82,0.4,46,547
IL,0.5950498046990156,0.7,0.4,47,548
MF,0.2644614212004756,0.7,0.4,47,548
IL,0.5949703485634457,0.71,0.4,49,549
MF,0.21838282530100733,0.71,0.4,49,549
IL,0.5948563082525756,0.67,0.4,49,550
MF,0.23921120691053566,0.67,0.4,49,550
IL,0.5950179698394794,0.46,0.4,42,551
MF,0.3866836906834316,0.46,0.4,42,551
IL,0.5950332635191871,0.94,0.4,46,552
MF,0.04203571335389474,0.94,0.4,46,552
IL,0.5946033706380187,0.09,0.4,49,553
MF,0.49435617318125896,0.09,0.4,49,553
IL,0.5951275425658895,0.28,0.4,42,554
MF,0.445525781045954,0.28,0.4,42,554
IL,0.5952697362595496,0.04,0.4,43,555
MF,0.7192327677757427,0.04,0.4,43,555
IL,0.5950229617544937,0.25,0.4,48,556
MF,0.5456051790464869,0.25,0.4,48,556
IL,0.5951411266604933,0.22,0.4,46,557
MF,0.5382234948506447,0.22,0.4,46,557
IL,0.5950367725668436,0.52,0.4,51,558
MF,0.37587471812449924,0.52,0.4,51,558
IL,0.5950206176296294,0.52,0.4,45,559
MF,0.36305657313640716,0.52,0.4,45,559
IL,0.5949560470622454,0.93,0.4,48,560
MF,0.06532664806990561,0.93,0.4,48,560
IL,0.595050203909037,0.93,0.4,49,561
MF,0.031083167433574487,0.93,0.4,49,561
IL,0.5949817368208241,0.52,0.4,44,562
MF,0.3258807989425239,0.52,0.4,44,562
IL,0.5950162782269792,0.52,0.4,50,563
MF,0.3582103189995205,0.52,0.4,50,563
IL,0.5948599886058645,0.22,0.4,47,564
MF,0.4763424284729407,0.22,0.4,47,564
IL,0.5953175708227818,0.04,0.4,42,565
MF,0.7810098578199371,0.04,0.4,42,565
IL,0.5950240716040119,0.25,0.4,49,566
MF,0.4290230611023564,0.25,0.4,49,566
IL,0.5950364046197837,0.09,0.4,48,567
MF,0.6731934854200583,0.09,0.4,48,567
IL,0.5952272600031382,0.28,0.4,43,568
MF,0.5099366299413709,0.28,0.4,43,568
IL,0.5950523464009158,0.94,0.4,47,569
MF,0.04872750121955937,0.94,0.4,47,569
IL,0.5950762880059719,0.67,0.4,48,570
MF,0.29872351731062974,0.67,0.4,48,570
IL,0.59503539454512,0.46,0.4,43,571
MF,0.38300398876029274,0.46,0.4,43,571
IL,0.5949871619172991,0.71,0.4,48,572
MF,0.23047318444661447,0.71,0.4,48,572
IL,0.5950017644118362,0.7,0.4,46,573
MF,0.23798933500024078,0.7,0.4,46,573
IL,0.5949860391137813,0.82,0.4,47,574
MF,0.14100882863718,0.82,0.4,47,574
IL,0.5954575424049018,0.12,0.4,42,575
MF,0.6604774501847531,0.12,0.4,42,575
IL,0.5951775046008665,0.33,0.4,49,576
MF,0.5404870433120125,0.33,0.4,49,576
IL,0.5949210646176573,0.34,0.4,47,577
MF,0.38401431002239694,0.34,0.4,47,577
IL,0.5949719963797938,0.68,0.4,45,578
MF,0.24357304302346214,0.68,0.4,45,578
IL,0.5951138124703608,0.44,0.4,50,579
MF,0.46594378167101225,0.44,0.4,50,579
IL,0.5950669608039573,0.44,0.4,44,580
MF,0.40944570509477096,0.44,0.4,44,580
IL,0.5950991951057143,0.18,0.4,46,581
MF,0.5917632607052102,0.18,0.4,46,581
IL,0.5949634358961137,0.68,0.4,51,582
MF,0.22870988892889968,0.68,0.4,51,582
IL,0.5950060822428812,0.06,0.4,45,583
MF,0.7834322154734349,0.06,0.4,45,583
IL,0.5951288995901093,0.85,0.4,49,584
MF,0.14527435119517512,0.85,0.4,49,584
IL,0.5948494753832338,0.0,0.4,48,585
MF,0.985218325781207,0.0,0.4,48,585
IL,0.5949643002117404,0.76,0.4,46,586
MF,0.2093060303083902,0.76,0.4,46,586
IL,0.5951435749074361,0.06,0.4,51,587
MF,0.7344271369006754,0.06,0.4,51,587
IL,0.5950022896980319,0.88,0.4,43,588
MF,0.07686296931077606,0.88,0.4,43,588
IL,0.5949476420166764,0.76,0.4,50,589
MF,0.16983669521579978,0.76,0.4,50,589
IL,0.594950746356086,0.06,0.4,47,590
MF,0.6627506000864971,0.06,0.4,47,590
IL,0.5949757727330286,0.76,0.4,44,591
MF,0.2016222883523082,0.76,0.4,44,591
IL,0.5949337200702757,0.18,0.4,50,592
MF,0.5128485400368455,0.18,0.4,50,592
IL,0.5950244879853576,0.68,0.4,47,593
MF,0.22326991410461677,0.68,0.4,47,593
IL,0.5949569900921874,0.34,0.4,45,594
MF,0.39493387860783946,0.34,0.4,45,594
IL,0.5949962090879524,0.96,0.4,42,595
MF,0.043824380612332604,0.96,0.4,42,595
IL,0.5949676621281558,0.34,0.4,51,596
MF,0.42203942767998015,0.34,0.4,51,596
IL,0.5948829739010745,0.18,0.4,44,597
MF,0.5751064658422494,0.18,0.4,44,597
IL,0.5950524448088851,0.44,0.4,46,598
MF,0.4007018856094094,0.44,0.4,46,598
IL,0.5950741775042924,0.62,0.4,43,599
MF,0.2849230038724272,0.62,0.4,43,599
IL,0.5947534905382721,0.43,0.4,48,600
MF,0.3508672150267449,0.43,0.4,48,600
IL,0.5949955109340297,0.82,0.4,51,601
MF,0.1453086818773708,0.82,0.4,51,601
IL,0.5950003305490008,0.7,0.4,44,602
MF,0.22270417132499096,0.7,0.4,44,602
IL,0.5952226907300086,0.01,0.4,49,603
MF,0.8421829623499598,0.01,0.4,49,603
IL,0.5949241221940577,0.82,0.4,45,604
MF,0.13938404312853556,0.82,0.4,45,604
IL,0.5949929479167207,0.7,0.4,50,605
MF,0.23002282174905697,0.7,0.4,50,605
IL,0.5949873284229132,0.94,0.4,45,606
MF,0.061290479324049386,0.94,0.4,45,606
IL,0.5949721559869372,0.17,0.4,49,607
MF,0.5085726787518015,0.17,0.4,49,607
IL,0.5951509580391373,0.36,0.4,42,608
MF,0.38093109369235606,0.36,0.4,42,608
IL,0.5950774960943841,0.94,0.4,51,609
MF,0.02994339620819497,0.94,0.4,51,609
IL,0.5949322716185184,0.79,0.4,49,610
MF,0.15895577088755528,0.79,0.4,49,610
IL,0.5950029513425495,0.58,0.4,42,611
MF,0.325221321382645,0.58,0.4,42,611
IL,0.5950183154740242,0.74,0.4,43,612
MF,0.24531264208735135,0.74,0.4,43,612
IL,0.5950979701914575,0.55,0.4,48,613
MF,0.3779050223016519,0.55,0.4,48,613
IL,0.5950902916121782,0.5,0.4,43,614
MF,0.46166187818119003,0.5,0.4,43,614
IL,0.5950875438092706,0.52,0.4,46,615
MF,0.354886865153179,0.52,0.4,46,615
IL,0.5949092276112523,0.22,0.4,51,616
MF,0.5409108661020918,0.22,0.4,51,616
IL,0.595272531236536,0.22,0.4,45,617
MF,0.6090327952909449,0.22,0.4,45,617
IL,0.595051441990894,0.8,0.4,49,618
MF,0.17097120960485174,0.8,0.4,49,618
IL,0.595020210896347,0.8,0.4,48,619
MF,0.1647041348661941,0.8,0.4,48,619
IL,0.5948463871278856,0.22,0.4,44,620
MF,0.45624118114330314,0.22,0.4,44,620
IL,0.5950633387707863,0.5,0.4,42,621
MF,0.352164136098685,0.5,0.4,42,621
IL,0.5950475463793112,0.22,0.4,50,622
MF,0.524398714757525,0.22,0.4,50,622
IL,0.5950124282414638,0.52,0.4,47,623
MF,0.36597654684027103,0.52,0.4,47,623
IL,0.595050009928163,0.74,0.4,42,624
MF,0.20840004956468478,0.74,0.4,42,624
IL,0.5949156762288879,0.55,0.4,49,625
MF,0.3308483983176133,0.55,0.4,49,625
IL,0.5950118482338351,0.79,0.4,48,626
MF,0.17403819272536006,0.79,0.4,48,626
IL,0.5950109523367615,0.58,0.4,43,627
MF,0.34448464902391285,0.58,0.4,43,627
IL,0.5949200274609849,0.94,0.4,50,628
MF,0.051053355482553464,0.94,0.4,50,628
IL,0.5950000276881144,0.17,0.4,48,629
MF,0.5701483887731364,0.17,0.4,48,629
IL,0.5949701159671806,0.94,0.4,44,630
MF,0.058955859830700265,0.94,0.4,44,630
IL,0.5950714337840788,0.36,0.4,43,631
MF,0.48943218052540305,0.36,0.4,43,631
IL,0.5950119531171912,0.7,0.4,51,632
MF,0.2504158342890161,0.7,0.4,51,632
IL,0.5949769514116918,0.82,0.4,44,633
MF,0.12704826554319196,0.82,0.4,44,633
IL,0.594875474019874,0.01,0.4,48,634
MF,0.7933762828722678,0.01,0.4,48,634
IL,0.5949226063424126,0.7,0.4,45,635
MF,0.21145357858956318,0.7,0.4,45,635
IL,0.5950477521611653,0.82,0.4,50,636
MF,0.1318001234838102,0.82,0.4,50,636
IL,0.5950280449899106,0.62,0.4,42,637
MF,0.321440677665417,0.62,0.4,42,637
IL,0.5949784921029438,0.43,0.4,49,638
MF,0.42223171454024216,0.43,0.4,49,638
IL,0.5948519365956912,0.44,0.4,47,639
MF,0.37044402977845414,0.44,0.4,47,639
IL,0.5949424633982643,0.18,0.4,45,640
MF,0.5119997812942219,0.18,0.4,45,640
IL,0.5948597166741547,0.34,0.4,50,641
MF,0.4100806331801478,0.34,0.4,50,641
IL,0.5951003195527487,0.34,0.4,44,642
MF,0.49745992355143037,0.34,0.4,44,642
IL,0.5950603599481401,0.68,0.4,46,643
MF,0.23242507792893943,0.68,0.4,46,643
IL,0.5950661543723669,0.18,0.4,51,644
MF,0.5384299713805394,0.18,0.4,51,644
IL,0.5950259535856317,0.96,0.4,43,645
MF,0.04534193178959798,0.96,0.4,43,645
IL,0.594994005741285,0.76,0.4,45,646
MF,0.19918896250381948,0.76,0.4,45,646
IL,0.5943634838597934,0.06,0.4,46,647
MF,0.5051672186048852,0.06,0.4,46,647
IL,0.5949702844820605,0.76,0.4,51,648
MF,0.18909582732954083,0.76,0.4,51,648
IL,0.5946478125998097,0.49,0.4,49,649
MF,0.3260961964818248,0.49,0.4,49,649
IL,0.5950300810931594,0.96,0.4,47,650
MF,0.029264268196815966,0.96,0.4,47,650
IL,0.5949587305774441,0.68,0.4,42,651
MF,0.2388655443042436,0.68,0.4,42,651
IL,0.5948941930531536,0.44,0.4,43,652
MF,0.3525914033706866,0.44,0.4,43,652
IL,0.5950003498758598,0.65,0.4,48,653
MF,0.278201028689507,0.65,0.4,48,653
IL,0.594907256286521,0.27,0.4,49,654
MF,0.5058604638105142,0.27,0.4,49,654
IL,0.5950338301112106,0.88,0.4,50,655
MF,0.12344324649554142,0.88,0.4,50,655
IL,0.5942632160055935,0.06,0.4,42,656
MF,0.5745050263040905,0.06,0.4,42,656
IL,0.5950140944004597,0.88,0.4,44,657
MF,0.10291938290896453,0.88,0.4,44,657
IL,0.5949723760503762,0.12,0.4,51,658
MF,0.575328264780306,0.12,0.4,51,658
IL,0.5948767251602274,0.62,0.4,46,659
MF,0.25269264740316005,0.62,0.4,46,659
IL,0.5950384202179019,0.91,0.4,49,660
MF,0.09367676588511344,0.91,0.4,49,660
IL,0.5949216503072211,0.12,0.4,45,661
MF,0.5600107802114832,0.12,0.4,45,661
IL,0.5951273265304748,0.04,0.4,45,662
MF,0.7673862916370214,0.04,0.4,45,662
IL,0.5949373946087455,0.58,0.4,47,663
MF,0.29463663817304137,0.58,0.4,47,663
IL,0.5950267200569942,0.87,0.4,49,664
MF,0.08468886204683446,0.87,0.4,49,664
IL,0.5948949154840848,0.28,0.4,50,665
MF,0.44424676480302877,0.28,0.4,50,665
IL,0.5949659120026467,0.2,0.4,48,666
MF,0.5393769542189853,0.2,0.4,48,666
IL,0.5949526129444865,0.74,0.4,46,667
MF,0.20414272291399313,0.74,0.4,46,667
IL,0.5949543557784663,0.28,0.4,44,668
MF,0.48125436689026435,0.28,0.4,44,668
IL,0.5953638654042468,0.04,0.4,51,669
MF,0.7397044705365785,0.04,0.4,51,669
IL,0.5946954201531638,0.36,0.4,47,670
MF,0.3440641820392676,0.36,0.4,47,670
IL,0.5951231985106915,0.46,0.4,50,671
MF,0.41572039665406935,0.46,0.4,50,671
IL,0.595127339593554,0.46,0.4,44,672
MF,0.3875328875760007,0.46,0.4,44,672
IL,0.5951661487909145,0.31,0.4,49,673
MF,0.4846268434868135,0.31,0.4,49,673
IL,0.5949426354121407,0.52,0.4,43,674
MF,0.3880137634943039,0.52,0.4,43,674
IL,0.5950106229274792,0.73,0.4,48,675
MF,0.22266427011487552,0.73,0.4,48,675
IL,0.5950872370800262,0.5,0.4,46,676
MF,0.3921292802564119,0.5,0.4,46,676
IL,0.5951278806967283,0.52,0.4,42,677
MF,0.3593839383585892,0.52,0.4,42,677
IL,0.5948468659970659,0.5,0.4,47,678
MF,0.310878153722879,0.5,0.4,47,678
IL,0.5949849815345588,0.73,0.4,49,679
MF,0.21222383820654023,0.73,0.4,49,679
IL,0.5951931056309214,0.31,0.4,48,680
MF,0.4622692940839425,0.31,0.4,48,680
IL,0.5949551564335611,0.46,0.4,45,681
MF,0.3910730574362295,0.46,0.4,45,681
IL,0.595121497769856,0.46,0.4,51,682
MF,0.4239252827077974,0.46,0.4,51,682
IL,0.5952033899903891,0.36,0.4,46,683
MF,0.5243671410649072,0.36,0.4,46,683
IL,0.5950428684412461,0.04,0.4,50,684
MF,0.690769234403302,0.04,0.4,50,684
IL,0.5946539160604403,0.28,0.4,45,685
MF,0.37641678762656133,0.28,0.4,45,685
IL,0.5950034135181612,0.74,0.4,47,686
MF,0.24164694962061517,0.74,0.4,47,686
IL,0.5949502577856606,0.2,0.4,49,687
MF,0.472948063174911,0.2,0.4,49,687
IL,0.5951474076308616,0.28,0.4,51,688
MF,0.49524255132807254,0.28,0.4,51,688
IL,0.5949625642299861,0.87,0.4,48,689
MF,0.1064013462427354,0.87,0.4,48,689
IL,0.5949545564340647,0.58,0.4,46,690
MF,0.31384072588931144,0.58,0.4,46,690
IL,0.5949897186578844,0.04,0.4,44,691
MF,0.7622038980358796,0.04,0.4,44,691
IL,0.5951183094369068,0.12,0.4,44,692
MF,0.5759621656141825,0.12,0.4,44,692
IL,0.5950730367313043,0.91,0.4,48,693
MF,0.06951892434399087,0.91,0.4,48,693
IL,0.5949848096755123,0.62,0.4,47,694
MF,0.2518148454075962,0.62,0.4,47,694
IL,0.5947198962261931,0.12,0.4,50,695
MF,0.44074406396272414,0.12,0.4,50,695
IL,0.5950547769473795,0.88,0.4,45,696
MF,0.10120055422440588,0.88,0.4,45,696
IL,0.5949766242311683,0.88,0.4,51,697
MF,0.11472782023105264,0.88,0.4,51,697
IL,0.5947270621805083,0.27,0.4,48,698
MF,0.4187042509263197,0.27,0.4,48,698
IL,0.5949357466865017,0.06,0.4,43,699
MF,0.6420082095971051,0.06,0.4,43,699
IL,0.5951933079675241,0.44,0.4,42,700
MF,0.41766838224296626,0.44,0.4,42,700
IL,0.5949264277270068,0.65,0.4,49,701
MF,0.27542459994621943,0.65,0.4,49,701
IL,0.595026000624716,0.96,0.4,46,702
MF,0.03755538514564211,0.96,0.4,46,702
IL,0.5949937093397576,0.49,0.4,48,703
MF,0.41721607719165205,0.49,0.4,48,703
IL,0.5950463245002399,0.68,0.4,43,704
MF,0.30139336856282073,0.68,0.4,43,704
IL,0.5949531992541293,0.96,0.4,50,705
MF,0.023033770540936537,0.96,0.4,50,705
IL,0.5950104405595961,0.39,0.4,49,706
MF,0.43941967530906684,0.39,0.4,49,706
IL,0.5950613429386195,0.18,0.4,42,707
MF,0.5826254376189703,0.18,0.4,42,707
IL,0.5951007167165956,0.34,0.4,43,708
MF,0.486943359346223,0.34,0.4,43,708
IL,0.5951543735877902,0.15,0.4,48,709
MF,0.4661826401359918,0.15,0.4,48,709
IL,0.594995663594436,0.96,0.4,44,710
MF,0.02452711038693537,0.96,0.4,44,710
IL,0.595012876302592,0.57,0.4,49,711
MF,0.3302913521261472,0.57,0.4,49,711
IL,0.5949379437900543,0.88,0.4,47,712
MF,0.11497964942554309,0.88,0.4,47,712
IL,0.5949468234733251,0.76,0.4,42,713
MF,0.18917379122875333,0.76,0.4,42,713
IL,0.5949285264606515,0.82,0.4,43,714
MF,0.14034177067866202,0.82,0.4,43,714
IL,0.5950850414501632,0.7,0.4,42,715
MF,0.2603970886119977,0.7,0.4,42,715
IL,0.5950379515387102,0.62,0.4,51,716
MF,0.3401356888515811,0.62,0.4,51,716
IL,0.5951224074181173,0.12,0.4,46,717
MF,0.6839320570974824,0.12,0.4,46,717
IL,0.5950004867899586,0.62,0.4,45,718
MF,0.30632377531566607,0.62,0.4,45,718
IL,0.5950401286444075,0.74,0.4,45,719
MF,0.21029861198970684,0.74,0.4,45,719
IL,0.5950559751613959,0.28,0.4,47,720
MF,0.46654328022878616,0.28,0.4,47,720
IL,0.5950053967815203,0.58,0.4,50,721
MF,0.32623973151064944,0.58,0.4,50,721
IL,0.5955628606269674,0.04,0.4,46,722
MF,0.858953066394025,0.04,0.4,46,722
IL,0.5949978820084862,0.58,0.4,44,723
MF,0.34707993715485047,0.58,0.4,44,723
IL,0.5950092457350724,0.74,0.4,51,724
MF,0.220327631285914,0.74,0.4,51,724
IL,0.5947446107530134,0.46,0.4,47,725
MF,0.3273574336889044,0.46,0.4,47,725
IL,0.5947961390054207,0.36,0.4,50,726
MF,0.3957289912763052,0.36,0.4,50,726
IL,0.5950409199343242,0.99,0.4,49,727
MF,-0.02273174364679009,0.99,0.4,49,727
IL,0.5949998708130676,0.94,0.4,43,728
MF,0.04876049927875458,0.94,0.4,43,728
IL,0.5948952136744521,0.36,0.4,44,729
MF,0.3973977072160142,0.36,0.4,44,729
IL,0.5949572116488252,0.41,0.4,49,730
MF,0.37824491812462646,0.41,0.4,49,730
IL,0.5949829738865565,0.22,0.4,43,731
MF,0.5054001528284152,0.22,0.4,43,731
IL,0.5946964559157679,0.5,0.4,51,732
MF,0.2992038022110805,0.5,0.4,51,732
IL,0.5946039934483394,0.03,0.4,48,733
MF,0.7814793351531963,0.03,0.4,48,733
IL,0.5951134309045623,0.5,0.4,45,734
MF,0.39558825739631914,0.5,0.4,45,734
IL,0.594927689702936,0.5,0.4,44,735
MF,0.3265863876085442,0.5,0.4,44,735
IL,0.5951420728579617,0.22,0.4,42,736
MF,0.48351835455825415,0.22,0.4,42,736
IL,0.5950364815262552,0.03,0.4,49,737
MF,0.7892078535510533,0.03,0.4,49,737
IL,0.5950619487358549,0.5,0.4,50,738
MF,0.40910780568783106,0.5,0.4,50,738
IL,0.5949465240088626,0.41,0.4,48,739
MF,0.4335483050354994,0.41,0.4,48,739
IL,0.594968465439017,0.94,0.4,42,740
MF,0.04729767323202582,0.94,0.4,42,740
IL,0.5949813758787129,0.36,0.4,45,741
MF,0.43027309194106483,0.36,0.4,45,741
IL,0.5950310512735829,0.99,0.4,48,742
MF,0.005661822657426247,0.99,0.4,48,742
IL,0.5950098091168159,0.36,0.4,51,743
MF,0.4126836855183148,0.36,0.4,51,743
IL,0.5951206895960343,0.46,0.4,46,744
MF,0.3665159136767764,0.46,0.4,46,744
IL,0.5950004185953065,0.74,0.4,50,745
MF,0.22865811756826435,0.74,0.4,50,745
IL,0.5948936847521318,0.58,0.4,45,746
MF,0.28441624655023656,0.58,0.4,45,746
IL,0.594881888249521,0.04,0.4,47,747
MF,0.7259228582134465,0.04,0.4,47,747
IL,0.595011824402577,0.58,0.4,51,748
MF,0.34973634214569865,0.58,0.4,51,748
IL,0.5948146000752168,0.28,0.4,46,749
MF,0.3774426711803681,0.28,0.4,46,749
IL,0.5949063871495194,0.74,0.4,44,750
MF,0.17622897611406751,0.74,0.4,44,750
IL,0.5949717011421257,0.62,0.4,44,751
MF,0.2715349954540851,0.62,0.4,44,751
IL,0.5950438711712873,0.12,0.4,47,752
MF,0.5293254216320054,0.12,0.4,47,752
IL,0.5949772529791176,0.62,0.4,50,753
MF,0.2983560997050111,0.62,0.4,50,753
IL,0.5948956563968006,0.7,0.4,43,754
MF,0.21688822337585179,0.7,0.4,43,754
IL,0.5949887617601355,0.82,0.4,42,755
MF,0.14826884021372172,0.82,0.4,42,755
IL,0.5950558701331443,0.88,0.4,46,756
MF,0.09312165563384053,0.88,0.4,46,756
IL,0.5950177212049862,0.57,0.4,48,757
MF,0.3587596589708002,0.57,0.4,48,757
IL,0.594998846394103,0.76,0.4,43,758
MF,0.1706611376136146,0.76,0.4,43,758
IL,0.595167583301109,0.34,0.4,42,759
MF,0.4463848116216759,0.34,0.4,42,759
IL,0.5949787552384777,0.96,0.4,45,760
MF,0.04048682470020195,0.96,0.4,45,760
IL,0.5949940841185796,0.15,0.4,49,761
MF,0.5781609471347436,0.15,0.4,49,761
IL,0.5948637052090093,0.39,0.4,48,762
MF,0.3833705649605222,0.39,0.4,48,762
IL,0.5949985726747032,0.96,0.4,51,763
MF,0.027764154048087686,0.96,0.4,51,763
IL,0.5949906006933364,0.18,0.4,43,764
MF,0.5093825035396197,0.18,0.4,43,764
IL,0.5950895693088528,0.66,0.4,43,765
MF,0.298473498570061,0.66,0.4,43,765
IL,0.5950338488043768,0.47,0.4,48,766
MF,0.40439238801767935,0.47,0.4,48,766
IL,0.5949895372554124,0.98,0.4,46,767
MF,0.001887427001858014,0.98,0.4,46,767
IL,0.5949207710528355,0.05,0.4,49,768
MF,0.6729749347461207,0.05,0.4,49,768
IL,0.5950652126066116,0.3,0.4,50,769
MF,0.429849966816027,0.3,0.4,50,769
IL,0.5950396792665741,0.86,0.4,45,770
MF,0.12520353495758663,0.86,0.4,45,770
IL,0.59486986973598,0.24,0.4,42,771
MF,0.5175071102373571,0.24,0.4,42,771
IL,0.5954269302535041,0.08,0.4,43,772
MF,0.7064996986999161,0.08,0.4,43,772
IL,0.5950493691183261,0.3,0.4,44,773
MF,0.4858068274466663,0.3,0.4,44,773
IL,0.5949975673918543,0.86,0.4,51,774
MF,0.1032425230047216,0.86,0.4,51,774
IL,0.5951422978047778,0.29,0.4,48,775
MF,0.46505433613605485,0.29,0.4,48,775
IL,0.5949594104468239,0.72,0.4,44,776
MF,0.2177943511558692,0.72,0.4,44,776
IL,0.595089157438836,0.72,0.4,50,777
MF,0.26292977099744697,0.72,0.4,50,777
IL,0.5954199694783837,0.02,0.4,47,778
MF,0.8543299812231915,0.02,0.4,47,778
IL,0.595033008726495,0.92,0.4,42,779
MF,0.06904167675461792,0.92,0.4,42,779
IL,0.5950364842762685,1.0,0.4,50,780
MF,0.003268378738918838,1.0,0.4,50,780
IL,0.5950234704543061,1.0,0.4,44,781
MF,0.010703392097027198,1.0,0.4,44,781
IL,0.5949327121993093,0.26,0.4,45,782
MF,0.48167592825021494,0.26,0.4,45,782
IL,0.594971130240051,0.84,0.4,42,783
MF,0.12001369001119008,0.84,0.4,42,783
IL,0.5950565057910103,0.1,0.4,43,784
MF,0.657897986735773,0.1,0.4,43,784
IL,0.5949371189522878,0.56,0.4,46,785
MF,0.3218738223332362,0.56,0.4,46,785
IL,0.595172618239979,0.26,0.4,51,786
MF,0.5346430688557753,0.26,0.4,51,786
IL,0.5949018755456847,0.89,0.4,48,787
MF,0.09628017881920913,0.89,0.4,48,787
IL,0.5950043021125181,0.14,0.4,47,788
MF,0.6083518776184657,0.14,0.4,47,788
IL,0.5948989646671146,0.48,0.4,45,789
MF,0.4092552233737075,0.48,0.4,45,789
IL,0.59487401217622,0.64,0.4,50,790
MF,0.24482994992348472,0.64,0.4,50,790
IL,0.5950983093499824,0.64,0.4,44,791
MF,0.291207897220042,0.64,0.4,44,791
IL,0.5949583732364575,0.38,0.4,46,792
MF,0.4204783913367249,0.38,0.4,46,792
IL,0.5950814464982456,0.48,0.4,51,793
MF,0.40247986821950066,0.48,0.4,51,793
IL,0.5942383869947053,0.13,0.4,49,794
MF,0.4906425261850298,0.13,0.4,49,794
IL,0.5948101732253513,0.32,0.4,42,795
MF,0.40898595902487184,0.32,0.4,42,795
IL,0.595039500039563,0.51,0.4,48,796
MF,0.4240264095739211,0.51,0.4,48,796
IL,0.5950073378545964,0.51,0.4,49,797
MF,0.3690293485234601,0.51,0.4,49,797
IL,0.5950189226626029,0.13,0.4,48,798
MF,0.4601049282183437,0.13,0.4,48,798
IL,0.5949239484859765,0.32,0.4,43,799
MF,0.4509196314946921,0.32,0.4,43,799
IL,0.5951048037576062,0.48,0.4,50,800
MF,0.401250416702417,0.48,0.4,50,800
IL,0.5950215373216559,0.38,0.4,47,801
MF,0.458834824912731,0.38,0.4,47,801
IL,0.5950387329360914,0.64,0.4,45,802
MF,0.25781177724884924,0.64,0.4,45,802
IL,0.5948946395974648,0.64,0.4,51,803
MF,0.2573973228595631,0.64,0.4,51,803
IL,0.5950156236875007,0.48,0.4,44,804
MF,0.3977795034241081,0.48,0.4,44,804
IL,0.5951035429448233,0.14,0.4,46,805
MF,0.6126629471094966,0.14,0.4,46,805
IL,0.5951097290959236,0.1,0.4,42,806
MF,0.6050296062048673,0.1,0.4,42,806
IL,0.5950078763794158,0.89,0.4,49,807
MF,0.09962869605121769,0.89,0.4,49,807
IL,0.5949909036963672,0.26,0.4,50,808
MF,0.4766204395427476,0.26,0.4,50,808
IL,0.5950431766916179,0.56,0.4,47,809
MF,0.31648198486655715,0.56,0.4,47,809
IL,0.5948904437102064,0.26,0.4,44,810
MF,0.48264899162627034,0.26,0.4,44,810
IL,0.5950501048962273,0.84,0.4,43,811
MF,0.15324793646032023,0.84,0.4,43,811
IL,0.5949945563829854,1.0,0.4,45,812
MF,-0.0010826890511810427,1.0,0.4,45,812
IL,0.5949927270713381,1.0,0.4,51,813
MF,-0.022424948227806468,1.0,0.4,51,813
IL,0.5949299675751388,0.92,0.4,43,814
MF,0.07054278228695807,0.92,0.4,43,814
IL,0.595298544246618,0.02,0.4,46,815
MF,0.8120237939031083,0.02,0.4,46,815
IL,0.5949711896802438,0.72,0.4,51,816
MF,0.2082976298750043,0.72,0.4,51,816
IL,0.5950013131766122,0.72,0.4,45,817
MF,0.21952300437251152,0.72,0.4,45,817
IL,0.5950179607037863,0.08,0.4,42,818
MF,0.6761635259421855,0.08,0.4,42,818
IL,0.5951645097524771,0.29,0.4,49,819
MF,0.5220833831857798,0.29,0.4,49,819
IL,0.5950280978426921,0.86,0.4,50,820
MF,0.11085966864233118,0.86,0.4,50,820
IL,0.5949053878364395,0.3,0.4,45,821
MF,0.42625822376117095,0.3,0.4,45,821
IL,0.5949603854833119,0.86,0.4,44,822
MF,0.14541648862870082,0.86,0.4,44,822
IL,0.5950053159047025,0.3,0.4,51,823
MF,0.44641186857367765,0.3,0.4,51,823
IL,0.5948198659203284,0.05,0.4,48,824
MF,0.7408547177035764,0.05,0.4,48,824
IL,0.5950413735593785,0.24,0.4,43,825
MF,0.5724624265565962,0.24,0.4,43,825
IL,0.5949897838537135,0.66,0.4,42,826
MF,0.26690630857817393,0.66,0.4,42,826
IL,0.5949937639830865,0.98,0.4,47,827
MF,0.024458367021284046,0.98,0.4,47,827
IL,0.5948861076426779,0.47,0.4,49,828
MF,0.31829305380082085,0.47,0.4,49,828
IL,0.5949813606441436,0.98,0.4,45,829
MF,0.018883303693165987,0.98,0.4,45,829
IL,0.5946233505855048,0.16,0.4,43,830
MF,0.4436634043947405,0.16,0.4,43,830
IL,0.5949887140650457,0.37,0.4,48,831
MF,0.3854102344350297,0.37,0.4,48,831
IL,0.5950037403407017,0.98,0.4,51,832
MF,-0.005423732828246221,0.98,0.4,51,832
IL,0.594933918899126,0.75,0.4,49,833
MF,0.2300243892692889,0.75,0.4,49,833
IL,0.5948641865215046,0.3,0.4,47,834
MF,0.4299815960558756,0.3,0.4,47,834
IL,0.5949424209558424,0.54,0.4,42,835
MF,0.332911545282041,0.54,0.4,42,835
IL,0.5949513588421403,0.78,0.4,43,836
MF,0.15940993089471236,0.78,0.4,43,836
IL,0.5949622299160188,0.59,0.4,48,837
MF,0.30400783692854755,0.59,0.4,48,837
IL,0.5950153731518086,0.86,0.4,46,838
MF,0.11329983436105928,0.86,0.4,46,838
IL,0.5949954148276727,0.9,0.4,43,839
MF,0.11364232368103522,0.9,0.4,43,839
IL,0.5949534149040353,0.81,0.4,48,840
MF,0.154069604399139,0.81,0.4,48,840
IL,0.5951710434601939,0.02,0.4,44,841
MF,0.8568894968701115,0.02,0.4,44,841
IL,0.5953508952036819,0.02,0.4,50,842
MF,0.8479495955398625,0.02,0.4,50,842
IL,0.595107235122943,0.4,0.4,49,843
MF,0.45572955084801053,0.4,0.4,49,843
IL,0.5950787881623284,0.72,0.4,47,844
MF,0.28168049967703285,0.72,0.4,47,844
IL,0.595046343132957,1.0,0.4,47,845
MF,0.006687592277004042,1.0,0.4,47,845
IL,0.5951520586809661,0.56,0.4,45,846
MF,0.3402359716526407,0.56,0.4,45,846
IL,0.5949550889447294,0.26,0.4,46,847
MF,0.5004521140728446,0.26,0.4,46,847
IL,0.5950082345722705,0.56,0.4,51,848
MF,0.3249002529868349,0.56,0.4,51,848
IL,0.5949904714430382,0.64,0.4,47,849
MF,0.26345072666922076,0.64,0.4,47,849
IL,0.5951957340052924,0.38,0.4,45,850
MF,0.39754480743927745,0.38,0.4,45,850
IL,0.5952235339297728,0.14,0.4,50,851
MF,0.6005356554884855,0.14,0.4,50,851
IL,0.5947377992688274,0.14,0.4,44,852
MF,0.4930354105062201,0.14,0.4,44,852
IL,0.595052290513378,0.48,0.4,46,853
MF,0.4309919750536625,0.48,0.4,46,853
IL,0.5950518366268703,0.97,0.4,48,854
MF,0.030584565061701284,0.97,0.4,48,854
IL,0.5950676555313804,0.38,0.4,51,855
MF,0.41714013118804233,0.38,0.4,51,855
IL,0.5950791946397197,0.63,0.4,49,856
MF,0.33658236270141073,0.63,0.4,49,856
IL,0.5948311521062551,0.42,0.4,42,857
MF,0.40059235963800127,0.42,0.4,42,857
IL,0.5951199995192593,0.21,0.4,48,858
MF,0.3866078326154741,0.21,0.4,48,858
IL,0.5951119148082358,0.21,0.4,49,859
MF,0.5550131361951381,0.21,0.4,49,859
IL,0.5949469956211308,0.63,0.4,48,860
MF,0.28948074209650815,0.63,0.4,48,860
IL,0.5949304867116607,0.42,0.4,43,861
MF,0.39500260364743284,0.42,0.4,43,861
IL,0.5949188620356501,0.38,0.4,50,862
MF,0.43176699155417475,0.38,0.4,50,862
IL,0.595016655239366,0.97,0.4,49,863
MF,0.03654136264653669,0.97,0.4,49,863
IL,0.5950422858751316,0.48,0.4,47,864
MF,0.4131536622006313,0.48,0.4,47,864
IL,0.5949235467035465,0.14,0.4,45,865
MF,0.6440001080531949,0.14,0.4,45,865
IL,0.5952318188326948,0.14,0.4,51,866
MF,0.5748885075204601,0.14,0.4,51,866
IL,0.594995657145941,0.38,0.4,44,867
MF,0.48229696220678553,0.38,0.4,44,867
IL,0.5948671511136484,0.64,0.4,46,868
MF,0.25969138096817235,0.64,0.4,46,868
IL,0.5949472695056456,0.56,0.4,50,869
MF,0.3087264294240183,0.56,0.4,50,869
IL,0.5951219908055292,0.26,0.4,47,870
MF,0.519427777669487,0.26,0.4,47,870
IL,0.5949429841537579,0.56,0.4,44,871
MF,0.3047510509243356,0.56,0.4,44,871
IL,0.5949944134798287,1.0,0.4,46,872
MF,0.024381037238821637,1.0,0.4,46,872
IL,0.5950067030168711,0.72,0.4,46,873
MF,0.23139022649753402,0.72,0.4,46,873
IL,0.5949715175147952,0.4,0.4,48,874
MF,0.4160543277413164,0.4,0.4,48,874
IL,0.5945634109378753,0.02,0.4,51,875
MF,0.7546361159923594,0.02,0.4,51,875
IL,0.5949933488285883,0.9,0.4,42,876
MF,0.08961346431682857,0.9,0.4,42,876
IL,0.5956138547118337,0.02,0.4,45,877
MF,0.8657355097872114,0.02,0.4,45,877
IL,0.5950674948591124,0.81,0.4,49,878
MF,0.1612799848643816,0.81,0.4,49,878
IL,0.5950418371343601,0.78,0.4,42,879
MF,0.1928463725454996,0.78,0.4,42,879
IL,0.5949376045888602,0.86,0.4,47,880
MF,0.0992551703485925,0.86,0.4,47,880
IL,0.5950074810426236,0.59,0.4,49,881
MF,0.32621359565068203,0.59,0.4,49,881
IL,0.5950254706064447,0.3,0.4,46,882
MF,0.4994869351423022,0.3,0.4,46,882
IL,0.5950030980014892,0.75,0.4,48,883
MF,0.22617525323415674,0.75,0.4,48,883
IL,0.595093487422418,0.54,0.4,43,884
MF,0.3885810512349127,0.54,0.4,43,884
IL,0.594897967528122,0.16,0.4,42,885
MF,0.49005924905786785,0.16,0.4,42,885
IL,0.5949384013908791,0.98,0.4,50,886
MF,0.01968662398443284,0.98,0.4,50,886
IL,0.5948245740645877,0.37,0.4,49,887
MF,0.3683354674931002,0.37,0.4,49,887
IL,0.595016866237439,0.98,0.4,44,888
MF,-0.005122748046587057,0.98,0.4,44,888
IL,0.5952748928194924,0.24,0.4,50,889
MF,0.5398998736062373,0.24,0.4,50,889
IL,0.5949732653730864,0.08,0.4,45,890
MF,0.6646800678326885,0.08,0.4,45,890
IL,0.594949515142671,0.54,0.4,47,891
MF,0.33241416943706553,0.54,0.4,47,891
IL,0.5949994248708558,0.3,0.4,42,892
MF,0.4517727576919422,0.3,0.4,42,892
IL,0.5949826936915181,0.86,0.4,43,893
MF,0.12445482672823069,0.86,0.4,43,893
IL,0.5951577432064054,0.08,0.4,51,894
MF,0.6720725272604519,0.08,0.4,51,894
IL,0.5949363655320208,0.78,0.4,46,895
MF,0.158003555384651,0.78,0.4,46,895
IL,0.5950364163805987,0.24,0.4,44,896
MF,0.5142813220637084,0.24,0.4,44,896
IL,0.5949499691919079,0.66,0.4,45,897
MF,0.2286390968203717,0.66,0.4,45,897
IL,0.5949811393693585,0.66,0.4,51,898
MF,0.2521223260853543,0.66,0.4,51,898
IL,0.5949952364951827,0.16,0.4,46,899
MF,0.516378581009287,0.16,0.4,46,899
IL,0.5952355211697131,0.11,0.4,48,900
MF,0.6951355869026211,0.11,0.4,48,900
IL,0.5949947982408808,0.92,0.4,44,901
MF,0.056716032029428085,0.92,0.4,44,901
IL,0.5950091859190483,0.92,0.4,50,902
MF,0.056447538891677154,0.92,0.4,50,902
IL,0.5949446009548414,0.9,0.4,46,903
MF,0.12131127096210123,0.9,0.4,46,903
IL,0.5949938771765643,0.53,0.4,49,904
MF,0.36340438736077346,0.53,0.4,49,904
IL,0.5950742634419014,0.72,0.4,42,905
MF,0.2582146723958798,0.72,0.4,42,905
IL,0.5949452351401425,1.0,0.4,42,906
MF,0.013609705127634165,1.0,0.4,42,906
IL,0.5953071306975352,0.45,0.4,49,907
MF,0.44736000645762924,0.45,0.4,49,907
IL,0.5950758697974939,0.64,0.4,42,908
MF,0.29880461458439633,0.64,0.4,42,908
IL,0.5947688318024904,0.48,0.4,43,909
MF,0.3062843156997921,0.48,0.4,43,909
IL,0.5950541770704098,0.69,0.4,48,910
MF,0.25918777271542487,0.69,0.4,48,910
IL,0.5949235260546536,0.1,0.4,45,911
MF,0.6646075504556023,0.1,0.4,45,911
IL,0.5950370534830127,0.84,0.4,50,912
MF,0.12741611956955778,0.84,0.4,50,912
IL,0.5947429235486763,0.26,0.4,43,913
MF,0.4291966905253058,0.26,0.4,43,913
IL,0.5954151893669924,0.1,0.4,51,914
MF,0.5915847288086434,0.1,0.4,51,914
IL,0.5949153715688662,0.84,0.4,44,915
MF,0.1137540212011869,0.84,0.4,44,915
IL,0.5950853654151737,0.07,0.4,48,916
MF,0.666943898102595,0.07,0.4,48,916
IL,0.5949361554842608,0.32,0.4,44,917
MF,0.42091901522429764,0.32,0.4,44,917
IL,0.5951366191156641,0.42,0.4,47,918
MF,0.45359444921102904,0.42,0.4,47,918
IL,0.5949528029488148,0.32,0.4,50,919
MF,0.42770654411027026,0.32,0.4,50,919
IL,0.5952603671964339,0.32,0.4,51,920
MF,0.4072871775761202,0.32,0.4,51,920
IL,0.5951286928136682,0.42,0.4,46,921
MF,0.4186469239397732,0.42,0.4,46,921
IL,0.5950855623343602,0.32,0.4,45,922
MF,0.47000068064892164,0.32,0.4,45,922
IL,0.5952649360659796,0.26,0.4,42,923
MF,0.5063596160316709,0.26,0.4,42,923
IL,0.5949566915488517,0.07,0.4,49,924
MF,0.695744891039781,0.07,0.4,49,924
IL,0.5950288369527434,0.84,0.4,45,925
MF,0.10636465317805391,0.84,0.4,45,925
IL,0.5949831412943446,0.1,0.4,50,926
MF,0.665781335363614,0.1,0.4,50,926
IL,0.5949518223433341,0.84,0.4,51,927
MF,0.1273684281981373,0.84,0.4,51,927
IL,0.5950564318215237,0.1,0.4,44,928
MF,0.641079968921276,0.1,0.4,44,928
IL,0.5950998689268514,0.48,0.4,42,929
MF,0.449257979961252,0.48,0.4,42,929
IL,0.5950238194427923,0.69,0.4,49,930
MF,0.25583484961485126,0.69,0.4,49,930
IL,0.5951063463236055,0.45,0.4,48,931
MF,0.3501242468400155,0.45,0.4,48,931
IL,0.5949670865086378,0.64,0.4,43,932
MF,0.24211588455800134,0.64,0.4,43,932
IL,0.5949791286645745,1.0,0.4,43,933
MF,-0.0007215604476020893,1.0,0.4,43,933
IL,0.5950446280087215,0.53,0.4,48,934
MF,0.41917171918529456,0.53,0.4,48,934
IL,0.595040998987781,0.72,0.4,43,935
MF,0.2239557802636917,0.72,0.4,43,935
IL,0.5950307711108924,0.9,0.4,47,936
MF,0.10860415565459863,0.9,0.4,47,936
IL,0.5949892491484083,0.92,0.4,51,937
MF,0.0721834623324556,0.92,0.4,51,937
IL,0.5950325527629827,0.92,0.4,45,938
MF,0.0846611194175862,0.92,0.4,45,938
IL,0.5948422631957412,0.11,0.4,49,939
MF,0.5595533763567716,0.11,0.4,49,939
IL,0.5950793233525785,0.16,0.4,47,940
MF,0.5657182168247367,0.16,0.4,47,940
IL,0.5949848792979727,0.66,0.4,50,941
MF,0.26279958530087566,0.66,0.4,50,941
IL,0.5950458751582137,0.66,0.4,44,942
MF,0.30275591794189616,0.66,0.4,44,942
IL,0.594993315373081,0.86,0.4,42,943
MF,0.11184959555752125,0.86,0.4,42,943
IL,0.5947096634297441,0.24,0.4,45,944
MF,0.4121521847457938,0.24,0.4,45,944
IL,0.5949782905743529,0.78,0.4,47,945
MF,0.16396411459365373,0.78,0.4,47,945
IL,0.5947263149522737,0.08,0.4,50,946
MF,0.6041775615905038,0.08,0.4,50,946
IL,0.5950871078891203,0.54,0.4,46,947
MF,0.33897190918024594,0.54,0.4,46,947
IL,0.5950658551063265,0.08,0.4,44,948
MF,0.6389392173569208,0.08,0.4,44,948
IL,0.5949403278149877,0.24,0.4,51,949
MF,0.5201409460253968,0.24,0.4,51,949
IL,0.5949783237304,0.3,0.4,43,950
MF,0.4585632460525012,0.3,0.4,43,950
IL,0.5950312499766107,0.54,0.4,50,951
MF,0.40377995034581715,0.54,0.4,50,951
IL,0.5950680037775515,0.78,0.4,45,952
MF,0.17909783259224438,0.78,0.4,45,952
IL,0.5948839089385455,0.24,0.4,47,953
MF,0.4428894660292218,0.24,0.4,47,953
IL,0.5948927343537712,0.78,0.4,51,954
MF,0.20627532393633746,0.78,0.4,51,954
IL,0.5954533112669196,0.08,0.4,46,955
MF,0.6697220800021465,0.08,0.4,46,955
IL,0.595042722707908,0.54,0.4,44,956
MF,0.3426585442245973,0.54,0.4,44,956
IL,0.5949972384963016,0.95,0.4,49,957
MF,0.021252677584804154,0.95,0.4,49,957
IL,0.5950942473047454,0.16,0.4,45,958
MF,0.6009206735883635,0.16,0.4,45,958
IL,0.594918121725588,0.98,0.4,43,959
MF,0.008609858664503957,0.98,0.4,43,959
IL,0.5949225154489594,0.16,0.4,51,960
MF,0.5318300524299345,0.16,0.4,51,960
IL,0.5950003041777578,0.66,0.4,46,961
MF,0.27638488790289617,0.66,0.4,46,961
IL,0.5949131450416402,0.61,0.4,48,962
MF,0.2849414542836516,0.61,0.4,48,962
IL,0.5949936962540009,0.92,0.4,47,963
MF,0.04637098633561651,0.92,0.4,47,963
IL,0.5949906563067247,0.9,0.4,51,964
MF,0.11379962381816329,0.9,0.4,51,964
IL,0.5949663495007681,0.23,0.4,49,965
MF,0.5253139906333215,0.23,0.4,49,965
IL,0.5950152769798898,0.9,0.4,45,966
MF,0.07610319191128789,0.9,0.4,45,966
IL,0.5947935161364413,0.02,0.4,42,967
MF,0.8163107565643875,0.02,0.4,42,967
IL,0.5951686001158127,0.35,0.4,49,968
MF,0.4768976040011916,0.35,0.4,49,968
IL,0.5950857717966332,0.14,0.4,42,969
MF,0.6343219045731792,0.14,0.4,42,969
IL,0.5949339954823472,0.38,0.4,43,970
MF,0.4341961806960338,0.38,0.4,43,970
IL,0.5949463214704538,0.19,0.4,48,971
MF,0.46617595649234533,0.19,0.4,48,971
IL,0.5950565113701956,0.84,0.4,47,972
MF,0.11922170472444772,0.84,0.4,47,972
IL,0.5950358527414628,0.56,0.4,43,973
MF,0.3342486748334585,0.56,0.4,43,973
IL,0.5951856479642,0.1,0.4,46,974
MF,0.6571859444140042,0.1,0.4,46,974
IL,0.5949630512576576,0.77,0.4,48,975
MF,0.2078695239740728,0.77,0.4,48,975
IL,0.5950596084700969,0.6,0.4,48,976
MF,0.2883290015245094,0.6,0.4,48,976
IL,0.5950131551085488,0.83,0.4,49,977
MF,0.19196339673543117,0.83,0.4,49,977
IL,0.5950263912465152,0.42,0.4,44,978
MF,0.36745809680932245,0.42,0.4,44,978
IL,0.5950438950949476,0.32,0.4,47,979
MF,0.48877185767518266,0.32,0.4,47,979
IL,0.5949988822068147,0.42,0.4,50,980
MF,0.4749133450230367,0.42,0.4,50,980
IL,0.5950034548731206,0.42,0.4,51,981
MF,0.4249788460011321,0.42,0.4,51,981
IL,0.5949912033174535,0.32,0.4,46,982
MF,0.32435771233471117,0.32,0.4,46,982
IL,0.5950338589910806,0.42,0.4,45,983
MF,0.4029314231552361,0.42,0.4,45,983
IL,0.5950789708756017,0.83,0.4,48,984
MF,0.1599741798675312,0.83,0.4,48,984
IL,0.5950013395891011,0.6,0.4,49,985
MF,0.27321271014496323,0.6,0.4,49,985
IL,0.5951119505775522,0.56,0.4,42,986
MF,0.38718353730873684,0.56,0.4,42,986
IL,0.594968510076925,0.77,0.4,49,987
MF,0.17969264302447743,0.77,0.4,49,987
IL,0.5951211948982271,0.1,0.4,47,988
MF,0.6315751658630621,0.1,0.4,47,988
IL,0.5950304904079058,0.84,0.4,46,989
MF,0.10973508093236387,0.84,0.4,46,989
IL,0.595163342681181,0.38,0.4,42,990
MF,0.46576990958694114,0.38,0.4,42,990
IL,0.5951422211033576,0.19,0.4,49,991
MF,0.6001378821197831,0.19,0.4,49,991
IL,0.595092874699092,0.35,0.4,48,992
MF,0.47900144627323243,0.35,0.4,48,992
IL,0.5947204884850813,0.14,0.4,43,993
MF,0.6069469169244346,0.14,0.4,43,993
IL,0.594991328509282,0.9,0.4,44,994
MF,0.07963736882504262,0.9,0.4,44,994
IL,0.5947618918565234,0.23,0.4,48,995
MF,0.4537112619164669,0.23,0.4,48,995
IL,0.5950519470828449,0.02,0.4,43,996
MF,0.8552635343218997,0.02,0.4,43,996
IL,0.5950558372691112,0.9,0.4,50,997
MF,0.07054978251551074,0.9,0.4,50,997
IL,0.5950220668183837,0.92,0.4,46,998
MF,0.08066174192483587,0.92,0.4,46,998
IL,0.5950669224367721,0.61,0.4,49,999
MF,0.3150759135573722,0.61,0.4,49,999
IL,0.5949933506216833,0.98,0.4,42,1000
MF,-0.012901596769328495,0.98,0.4,42,1000
IL,0.594968230918843,0.66,0.4,47,1001
MF,0.23736722295362447,0.66,0.4,47,1001
IL,0.5951965849734262,0.16,0.4,50,1002
MF,0.5610404504664136,0.16,0.4,50,1002
IL,0.5948602373238394,0.16,0.4,44,1003
MF,0.5274045785165441,0.16,0.4,44,1003
IL,0.5950457603694854,0.95,0.4,48,1004
MF,0.027152095343337908,0.95,0.4,48,1004
IL,0.5950236126017602,0.54,0.4,45,1005
MF,0.354652542622888,0.54,0.4,45,1005
IL,0.5952042106636869,0.08,0.4,47,1006
MF,0.6939373744152866,0.08,0.4,47,1006
IL,0.5949286189123414,0.78,0.4,50,1007
MF,0.13674083910050722,0.78,0.4,50,1007
IL,0.5951371068353398,0.24,0.4,46,1008
MF,0.5023217403532361,0.24,0.4,46,1008
IL,0.5950271412364446,0.78,0.4,44,1009
MF,0.20122417785287497,0.78,0.4,44,1009
IL,0.5950918589957837,0.54,0.4,51,1010
MF,0.37849451883518487,0.54,0.4,51,1010
