strategy,count,delta,kappa,sim,seed
IL,94.6644,0.75,0.4,1,43
MF,25.3356,0.75,0.4,1,43
IL,88.4616,0.54,0.4,2,48
MF,31.5384,0.54,0.4,2,48
IL,92.0688,0.78,0.4,3,49
MF,27.9312,0.78,0.4,3,49
IL,79.1668,0.59,0.4,4,42
MF,40.8332,0.59,0.4,4,42
IL,108.1232,0.95,0.4,5,51
MF,11.8768,0.95,0.4,5,51
IL,32.3476,0.16,0.4,6,49
MF,87.6524,0.16,0.4,6,49
IL,105.4024,0.95,0.4,7,45
MF,14.5976,0.95,0.4,7,45
IL,38.446,0.37,0.4,8,42
MF,81.554,0.37,0.4,8,42
IL,95.7064,0.61,0.4,9,50
MF,24.2936,0.61,0.4,9,50
IL,24.4292,0.11,0.4,10,47
MF,95.5708,0.11,0.4,10,47
IL,77.694,0.61,0.4,11,44
MF,42.306,0.61,0.4,11,44
IL,35.7568,0.23,0.4,12,45
MF,84.2432,0.23,0.4,12,45
IL,96.6964,0.9,0.4,13,49
MF,23.3036,0.9,0.4,13,49
IL,105.4256,0.81,0.4,14,42
MF,14.5744,0.81,0.4,14,42
IL,65.314,0.4,0.4,15,43
MF,54.686,0.4,0.4,15,43
IL,33.6324,0.23,0.4,16,51
MF,86.3676,0.23,0.4,16,51
IL,80.9256,0.53,0.4,17,46
MF,39.0744,0.53,0.4,17,46
IL,41.8528,0.19,0.4,18,44
MF,78.1472,0.19,0.4,18,44
IL,67.8764,0.45,0.4,19,46
MF,52.1236,0.45,0.4,19,46
IL,49.2516,0.35,0.4,20,51
MF,70.7484,0.35,0.4,20,51
IL,68.8588,0.69,0.4,21,47
MF,51.1412,0.69,0.4,21,47
IL,55.6988,0.35,0.4,22,45
MF,64.3012,0.35,0.4,22,45
IL,27.5308,0.19,0.4,23,50
MF,92.4692,0.19,0.4,23,50
IL,107.6368,0.97,0.4,24,42
MF,12.3632,0.97,0.4,24,42
IL,106.472,0.77,0.4,25,44
MF,13.528,0.77,0.4,25,44
IL,24.4464,0.07,0.4,26,47
MF,95.5536,0.07,0.4,26,47
IL,100.7552,0.77,0.4,27,50
MF,19.2448,0.77,0.4,27,50
IL,85.9936,0.83,0.4,28,45
MF,34.0064,0.83,0.4,28,45
IL,85.1552,0.6,0.4,29,50
MF,34.8448,0.6,0.4,29,50
IL,35.2208,0.21,0.4,30,42
MF,84.7792,0.21,0.4,30,42
IL,93.6268,0.83,0.4,31,51
MF,26.3732,0.83,0.4,31,51
IL,85.068,0.6,0.4,32,44
MF,34.932,0.6,0.4,32,44
IL,99.4008,0.63,0.4,33,43
MF,20.5992,0.63,0.4,33,43
IL,72.5184,0.42,0.4,34,48
MF,47.4816,0.42,0.4,34,48
IL,85.8652,0.63,0.4,35,42
MF,34.1348,0.63,0.4,35,42
IL,70.7848,0.42,0.4,36,49
MF,49.2152,0.42,0.4,36,49
IL,72.9548,0.6,0.4,37,45
MF,47.0452,0.6,0.4,37,45
IL,108.3936,0.83,0.4,38,50
MF,11.6064,0.83,0.4,38,50
IL,85.81,0.6,0.4,39,51
MF,34.19,0.6,0.4,39,51
IL,92.5756,0.83,0.4,40,44
MF,27.4244,0.83,0.4,40,44
IL,26.0912,0.21,0.4,41,43
MF,93.9088,0.21,0.4,41,43
IL,104.7312,0.77,0.4,42,51
MF,15.2688,0.77,0.4,42,51
IL,11.178,0.07,0.4,43,46
MF,108.822,0.07,0.4,43,46
IL,88.2232,0.77,0.4,44,45
MF,31.7768,0.77,0.4,44,45
IL,37.0996,0.19,0.4,45,51
MF,82.9004,0.19,0.4,45,51
IL,53.9264,0.35,0.4,46,44
MF,66.0736,0.35,0.4,46,44
IL,82.032,0.69,0.4,47,46
MF,37.968,0.69,0.4,47,46
IL,107.3176,0.97,0.4,48,43
MF,12.6824,0.97,0.4,48,43
IL,55.7312,0.35,0.4,49,50
MF,64.2688,0.35,0.4,49,50
IL,54.1136,0.45,0.4,50,47
MF,65.8864,0.45,0.4,50,47
IL,21.7576,0.19,0.4,51,45
MF,98.2424,0.19,0.4,51,45
IL,57.462,0.4,0.4,52,42
MF,62.538,0.4,0.4,52,42
IL,65.8508,0.53,0.4,53,47
MF,54.1492,0.53,0.4,53,47
IL,34.2688,0.23,0.4,54,50
MF,85.7312,0.23,0.4,54,50
IL,103.5728,0.9,0.4,55,48
MF,16.4272,0.9,0.4,55,48
IL,34.97,0.23,0.4,56,44
MF,85.03,0.23,0.4,56,44
IL,94.5472,0.81,0.4,57,43
MF,25.4528,0.81,0.4,57,43
IL,89.444,0.61,0.4,58,45
MF,30.556,0.61,0.4,58,45
IL,25.7284,0.11,0.4,59,46
MF,94.2716,0.11,0.4,59,46
IL,80.0084,0.61,0.4,60,51
MF,39.9916,0.61,0.4,60,51
IL,94.9224,0.95,0.4,61,44
MF,25.0776,0.95,0.4,61,44
IL,25.7876,0.16,0.4,62,48
MF,94.2124,0.16,0.4,62,48
IL,57.0084,0.37,0.4,63,43
MF,62.9916,0.37,0.4,63,43
IL,99.9904,0.95,0.4,64,50
MF,20.0096,0.95,0.4,64,50
IL,97.7552,0.78,0.4,65,48
MF,22.2448,0.78,0.4,65,48
IL,58.1004,0.59,0.4,66,43
MF,61.8996,0.59,0.4,66,43
IL,99.4708,0.75,0.4,67,42
MF,20.5292,0.75,0.4,67,42
IL,73.1048,0.54,0.4,68,49
MF,46.8952,0.54,0.4,68,49
IL,17.3908,0.05,0.4,69,43
MF,102.6092,0.05,0.4,69,43
IL,36.8684,0.24,0.4,70,48
MF,83.1316,0.24,0.4,70,48
IL,26.4628,0.08,0.4,71,49
MF,93.5372,0.08,0.4,71,49
IL,64.082,0.29,0.4,72,42
MF,55.918,0.29,0.4,72,42
IL,101.8124,0.95,0.4,73,46
MF,18.1876,0.95,0.4,73,46
IL,69.7524,0.66,0.4,74,49
MF,50.2476,0.66,0.4,74,49
IL,71.0564,0.47,0.4,75,42
MF,48.9436,0.47,0.4,75,42
IL,21.2036,0.11,0.4,76,50
MF,98.7964,0.11,0.4,76,50
IL,65.2156,0.61,0.4,77,47
MF,54.7844,0.61,0.4,77,47
IL,111.1792,0.92,0.4,78,48
MF,8.8208,0.92,0.4,78,48
IL,21.8924,0.11,0.4,79,44
MF,98.1076,0.11,0.4,79,44
IL,60.4936,0.53,0.4,80,45
MF,59.5064,0.53,0.4,80,45
IL,84.0976,0.53,0.4,81,51
MF,35.9024,0.53,0.4,81,51
IL,39.2616,0.23,0.4,82,46
MF,80.7384,0.23,0.4,82,46
IL,86.4452,0.69,0.4,83,44
MF,33.5548,0.69,0.4,83,44
IL,53.068,0.35,0.4,84,46
MF,66.932,0.35,0.4,84,46
IL,67.608,0.45,0.4,85,51
MF,52.392,0.45,0.4,85,51
IL,30.0516,0.19,0.4,86,47
MF,89.9484,0.19,0.4,86,47
IL,70.9184,0.45,0.4,87,45
MF,49.0816,0.45,0.4,87,45
IL,87.6632,0.69,0.4,88,50
MF,32.3368,0.69,0.4,88,50
IL,17.4112,0.07,0.4,89,44
MF,102.5888,0.07,0.4,89,44
IL,108.0992,0.84,0.4,90,48
MF,11.9008,0.84,0.4,90,48
IL,103.662,0.77,0.4,91,47
MF,16.338,0.77,0.4,91,47
IL,30.4988,0.1,0.4,92,49
MF,89.5012,0.1,0.4,92,49
IL,12.3512,0.07,0.4,93,50
MF,107.6488,0.07,0.4,93,50
IL,99.8428,0.89,0.4,94,42
MF,20.1572,0.89,0.4,94,42
IL,82.2528,0.6,0.4,95,47
MF,37.7472,0.6,0.4,95,47
IL,76.8404,0.51,0.4,96,42
MF,43.1596,0.51,0.4,96,42
IL,104.4972,0.83,0.4,97,46
MF,15.5028,0.83,0.4,97,46
IL,23.0116,0.13,0.4,98,43
MF,96.9884,0.13,0.4,98,43
IL,57.048,0.32,0.4,99,48
MF,62.952,0.32,0.4,99,48
IL,17.27349737797499,0.13,0.4,100,42
MF,102.8716,0.13,0.4,100,42
IL,56.6752,0.32,0.4,101,49
MF,63.3248,0.32,0.4,101,49
IL,97.406,0.83,0.4,102,47
MF,22.594,0.83,0.4,102,47
IL,75.0412,0.6,0.4,103,46
MF,44.9588,0.6,0.4,103,46
IL,82.5824,0.51,0.4,104,43
MF,37.4176,0.51,0.4,104,43
IL,10.1016,0.07,0.4,105,51
MF,109.8984,0.07,0.4,105,51
IL,18.3416,0.1,0.4,106,48
MF,101.6584,0.1,0.4,106,48
IL,87.9072,0.77,0.4,107,46
MF,32.0928,0.77,0.4,107,46
IL,99.9184,0.89,0.4,108,43
MF,20.0816,0.89,0.4,108,43
IL,100.3596,0.84,0.4,109,49
MF,19.6404,0.84,0.4,109,49
IL,17.7388,0.07,0.4,110,45
MF,102.2612,0.07,0.4,110,45
IL,88.74,0.69,0.4,111,51
MF,31.26,0.69,0.4,111,51
IL,61.3496,0.45,0.4,112,44
MF,58.6504,0.45,0.4,112,44
IL,27.0904,0.19,0.4,113,46
MF,92.9096,0.19,0.4,113,46
IL,47.6484,0.45,0.4,114,50
MF,72.3516,0.45,0.4,114,50
IL,53.0152,0.35,0.4,115,47
MF,66.9848,0.35,0.4,115,47
IL,97.5128,0.69,0.4,116,45
MF,22.4872,0.69,0.4,116,45
IL,42.9136,0.23,0.4,117,47
MF,77.0864,0.23,0.4,117,47
IL,69.4056,0.53,0.4,118,50
MF,50.5944,0.53,0.4,118,50
IL,78.1232,0.53,0.4,119,44
MF,41.8768,0.53,0.4,119,44
IL,38.3388,0.11,0.4,120,45
MF,81.6612,0.11,0.4,120,45
IL,105.2088,0.92,0.4,121,49
MF,14.7912,0.92,0.4,121,49
IL,78.7604,0.61,0.4,122,46
MF,41.2396,0.61,0.4,122,46
IL,30.6268,0.11,0.4,123,51
MF,89.3732,0.11,0.4,123,51
IL,90.948,0.66,0.4,124,48
MF,29.052,0.66,0.4,124,48
IL,49.4624,0.47,0.4,125,43
MF,70.5376,0.47,0.4,125,43
IL,103.1684,0.95,0.4,126,47
MF,16.8316,0.95,0.4,126,47
IL,17.2832,0.08,0.4,127,48
MF,102.7168,0.08,0.4,127,48
IL,34.4036,0.29,0.4,128,43
MF,85.5964,0.29,0.4,128,43
IL,20.19,0.05,0.4,129,42
MF,99.81,0.05,0.4,129,42
IL,33.6948,0.24,0.4,130,49
MF,86.3052,0.24,0.4,130,49
IL,105.638,0.95,0.4,131,43
MF,14.362,0.95,0.4,131,43
IL,57.1524,0.37,0.4,132,44
MF,62.8476,0.37,0.4,132,44
IL,57.9516,0.37,0.4,133,50
MF,62.0484,0.37,0.4,133,50
IL,103.4284,0.98,0.4,134,49
MF,16.94437627811861,0.98,0.4,134,49
IL,66.9288,0.47,0.4,135,47
MF,53.0712,0.47,0.4,135,47
IL,98.8872,0.75,0.4,136,51
MF,21.1128,0.75,0.4,136,51
IL,12.326,0.05,0.4,137,46
MF,107.674,0.05,0.4,137,46
IL,83.7924,0.59,0.4,138,44
MF,36.2076,0.59,0.4,138,44
IL,89.144,0.59,0.4,139,50
MF,30.856,0.59,0.4,139,50
IL,98.6676,0.75,0.4,140,45
MF,21.3324,0.75,0.4,140,45
IL,59.9576,0.29,0.4,141,47
MF,60.0424,0.29,0.4,141,47
IL,93.6144,0.81,0.4,142,50
MF,26.3856,0.81,0.4,142,50
IL,54.546,0.4,0.4,143,45
MF,65.454,0.4,0.4,143,45
IL,33.2732,0.23,0.4,144,43
MF,86.7268,0.23,0.4,144,43
IL,13.9432,0.02,0.4,145,48
MF,106.0568,0.02,0.4,145,48
IL,87.1936,0.81,0.4,146,44
MF,32.8064,0.81,0.4,146,44
IL,48.2584,0.4,0.4,147,51
MF,71.7416,0.4,0.4,147,51
IL,90.7088,0.61,0.4,148,42
MF,29.2912,0.61,0.4,148,42
IL,107.206,0.89,0.4,149,47
MF,12.794,0.89,0.4,149,47
IL,76.7472,0.56,0.4,150,49
MF,43.2528,0.56,0.4,150,49
IL,90.96,0.77,0.4,151,42
MF,29.04,0.77,0.4,151,42
IL,60.3644,0.35,0.4,152,43
MF,59.6356,0.35,0.4,152,43
IL,111.9504,0.97,0.4,153,44
MF,8.0496,0.97,0.4,153,44
IL,21.3848,0.14,0.4,154,48
MF,98.6152,0.14,0.4,154,48
IL,110.32,0.97,0.4,155,50
MF,9.68,0.97,0.4,155,50
IL,48.5072,0.38,0.4,156,49
MF,71.4928,0.38,0.4,156,49
IL,38.3052,0.19,0.4,157,42
MF,81.6948,0.19,0.4,157,42
IL,102.1988,0.63,0.4,158,45
MF,17.8012,0.63,0.4,158,45
IL,25.7864,0.13,0.4,159,46
MF,94.2136,0.13,0.4,159,46
IL,89.1424,0.63,0.4,160,51
MF,30.8576,0.63,0.4,160,51
IL,70.8176,0.51,0.4,161,47
MF,49.1824,0.51,0.4,161,47
IL,31.176,0.21,0.4,162,50
MF,88.824,0.21,0.4,162,50
IL,81.3468,0.6,0.4,163,42
MF,38.6532,0.6,0.4,163,42
IL,105.3912,0.83,0.4,164,43
MF,14.6088,0.83,0.4,164,43
IL,24.4848,0.21,0.4,165,44
MF,95.5152,0.21,0.4,165,44
IL,103.9756,0.83,0.4,166,42
MF,16.0244,0.83,0.4,166,42
IL,29.018,0.21,0.4,167,45
MF,90.982,0.21,0.4,167,45
IL,40.0392,0.21,0.4,168,51
MF,79.9608,0.21,0.4,168,51
IL,70.3192,0.51,0.4,169,46
MF,49.6808,0.51,0.4,169,46
IL,86.5312,0.6,0.4,170,43
MF,33.4688,0.6,0.4,170,43
IL,69.0008,0.63,0.4,171,50
MF,50.9992,0.63,0.4,171,50
IL,24.212,0.13,0.4,172,47
MF,95.788,0.13,0.4,172,47
IL,83.2564,0.63,0.4,173,44
MF,36.7436,0.63,0.4,173,44
IL,58.2512,0.38,0.4,174,48
MF,61.7488,0.38,0.4,174,48
IL,104.7036,0.97,0.4,175,51
MF,15.2964,0.97,0.4,175,51
IL,33.212,0.19,0.4,176,43
MF,86.788,0.19,0.4,176,43
IL,50.1804,0.35,0.4,177,42
MF,69.8196,0.35,0.4,177,42
IL,25.1868,0.14,0.4,178,49
MF,94.8132,0.14,0.4,178,49
IL,106.4204,0.97,0.4,179,45
MF,13.5796,0.97,0.4,179,45
IL,71.2468,0.56,0.4,180,48
MF,48.7532,0.56,0.4,180,48
IL,108.1104,0.89,0.4,181,46
MF,11.8896,0.89,0.4,181,46
IL,105.5636,0.77,0.4,182,43
MF,14.4364,0.77,0.4,182,43
IL,70.236,0.61,0.4,183,43
MF,49.764,0.61,0.4,183,43
IL,33.602,0.23,0.4,184,42
MF,86.398,0.23,0.4,184,42
IL,55.044,0.4,0.4,185,50
MF,64.956,0.4,0.4,185,50
IL,98.3748,0.81,0.4,186,45
MF,21.6252,0.81,0.4,186,45
IL,15.5016,0.02,0.4,187,49
MF,104.4984,0.02,0.4,187,49
IL,49.0812,0.4,0.4,188,44
MF,70.9188,0.4,0.4,188,44
IL,104.1744,0.81,0.4,189,51
MF,15.8256,0.81,0.4,189,51
IL,49.7476,0.29,0.4,190,46
MF,70.2524,0.29,0.4,190,46
IL,96.522,0.75,0.4,191,44
MF,23.478,0.75,0.4,191,44
IL,88.0076,0.59,0.4,192,51
MF,31.9924,0.59,0.4,192,51
IL,84.5308,0.59,0.4,193,45
MF,35.4692,0.59,0.4,193,45
IL,15.108,0.05,0.4,194,47
MF,104.892,0.05,0.4,194,47
IL,100.762,0.75,0.4,195,50
MF,19.238,0.75,0.4,195,50
IL,71.7976,0.47,0.4,196,46
MF,48.2024,0.47,0.4,196,46
IL,104.8932,0.98,0.4,197,48
MF,15.1068,0.98,0.4,197,48
IL,55.5852,0.37,0.4,198,51
MF,64.4148,0.37,0.4,198,51
IL,108.9512,0.95,0.4,199,42
MF,11.0488,0.95,0.4,199,42
IL,44.734,0.37,0.4,200,45
MF,75.266,0.37,0.4,200,45
IL,75.6984,0.47,0.4,201,44
MF,44.3016,0.47,0.4,201,44
IL,66.8392,0.47,0.4,202,50
MF,53.1608,0.47,0.4,202,50
IL,46.9992,0.37,0.4,203,47
MF,73.0008,0.37,0.4,203,47
IL,11.1876,0.05,0.4,204,51
MF,108.8124,0.05,0.4,204,51
IL,55.8584,0.3,0.4,205,48
MF,64.1416,0.3,0.4,205,48
IL,92.2184,0.75,0.4,206,46
MF,27.7816,0.75,0.4,206,46
IL,52.6084,0.29,0.4,207,44
MF,67.3916,0.29,0.4,207,44
IL,98.078,0.86,0.4,208,49
MF,21.922,0.86,0.4,208,49
IL,43.6344,0.29,0.4,209,50
MF,76.3656,0.29,0.4,209,50
IL,17.4792,0.05,0.4,210,45
MF,102.5208,0.05,0.4,210,45
IL,69.5456,0.59,0.4,211,47
MF,50.4544,0.59,0.4,211,47
IL,95.3016,0.81,0.4,212,47
MF,24.6984,0.81,0.4,212,47
IL,73.9172,0.53,0.4,213,43
MF,46.0828,0.53,0.4,213,43
IL,87.7292,0.72,0.4,214,48
MF,32.2708,0.72,0.4,214,48
IL,57.0,0.4,0.4,215,46
MF,63.0,0.4,0.4,215,46
IL,20.074,0.11,0.4,216,42
MF,99.926,0.11,0.4,216,42
IL,108.5324,1.0,0.4,217,48
MF,11.4676,1.0,0.4,217,48
IL,96.9192,0.89,0.4,218,44
MF,23.0808,0.89,0.4,218,44
IL,46.0676,0.26,0.4,219,49
MF,73.9324,0.26,0.4,219,49
IL,98.6468,0.89,0.4,220,50
MF,21.3532,0.89,0.4,220,50
IL,18.6236,0.07,0.4,221,42
MF,101.3764,0.07,0.4,221,42
IL,70.4796,0.45,0.4,222,43
MF,49.5204,0.45,0.4,222,43
IL,77.132,0.64,0.4,223,48
MF,42.868,0.64,0.4,223,48
IL,97.7268,0.97,0.4,224,47
MF,22.2732,0.97,0.4,224,47
IL,65.4632,0.48,0.4,225,49
MF,54.5368,0.48,0.4,225,49
IL,75.2408,0.69,0.4,226,42
MF,44.7592,0.69,0.4,226,42
IL,34.1288,0.13,0.4,227,45
MF,85.8712,0.13,0.4,227,45
IL,104.0312,0.63,0.4,228,46
MF,15.9688,0.63,0.4,228,46
IL,26.2456,0.13,0.4,229,51
MF,93.7544,0.13,0.4,229,51
IL,33.9628,0.21,0.4,230,47
MF,86.0372,0.21,0.4,230,47
IL,85.3728,0.51,0.4,231,50
MF,34.6272,0.51,0.4,231,50
IL,66.8496,0.51,0.4,232,44
MF,53.1504,0.51,0.4,232,44
IL,59.0812,0.51,0.4,233,45
MF,60.9188,0.51,0.4,233,45
IL,70.1496,0.51,0.4,234,51
MF,49.8504,0.51,0.4,234,51
IL,42.5868,0.21,0.4,235,46
MF,77.4132,0.21,0.4,235,46
IL,14.52,0.13,0.4,236,50
MF,105.48,0.13,0.4,236,50
IL,63.1704,0.63,0.4,237,47
MF,56.8296,0.63,0.4,237,47
IL,23.2516,0.13,0.4,238,44
MF,96.7484,0.13,0.4,238,44
IL,65.9512,0.48,0.4,239,48
MF,54.0488,0.48,0.4,239,48
IL,103.6352,0.97,0.4,240,46
MF,16.3648,0.97,0.4,240,46
IL,66.724,0.69,0.4,241,43
MF,53.276,0.69,0.4,241,43
IL,66.2124,0.45,0.4,242,42
MF,53.7876,0.45,0.4,242,42
IL,83.624,0.64,0.4,243,49
MF,36.376,0.64,0.4,243,49
IL,105.644,0.89,0.4,244,51
MF,14.356,0.89,0.4,244,51
IL,31.1728,0.26,0.4,245,48
MF,88.8272,0.26,0.4,245,48
IL,23.686,0.07,0.4,246,43
MF,96.314,0.07,0.4,246,43
IL,94.9312,0.89,0.4,247,45
MF,25.0688,0.89,0.4,247,45
IL,109.592,1.0,0.4,248,49
MF,10.408,1.0,0.4,248,49
IL,31.3148,0.11,0.4,249,43
MF,88.6852,0.11,0.4,249,43
IL,77.8728,0.53,0.4,250,42
MF,42.1272,0.53,0.4,250,42
IL,41.1696,0.4,0.4,251,47
MF,78.8304,0.4,0.4,251,47
IL,97.6088,0.72,0.4,252,49
MF,22.3912,0.72,0.4,252,49
IL,102.2512,0.81,0.4,253,46
MF,17.7488,0.81,0.4,253,46
IL,96.432,0.59,0.4,254,46
MF,23.568,0.59,0.4,254,46
IL,18.0144,0.05,0.4,255,44
MF,101.9856,0.05,0.4,255,44
IL,49.1448,0.29,0.4,256,51
MF,70.8552,0.29,0.4,256,51
IL,96.5704,0.86,0.4,257,48
MF,23.4296,0.86,0.4,257,48
IL,50.9992,0.29,0.4,258,45
MF,69.0008,0.29,0.4,258,45
IL,81.0616,0.75,0.4,259,47
MF,38.9384,0.75,0.4,259,47
IL,42.564,0.3,0.4,260,49
MF,77.436,0.3,0.4,260,49
IL,13.1844,0.05,0.4,261,50
MF,106.8156,0.05,0.4,261,50
IL,45.1044,0.37,0.4,262,46
MF,74.8956,0.37,0.4,262,46
IL,66.094,0.47,0.4,263,51
MF,53.906,0.47,0.4,263,51
IL,85.9892,0.47,0.4,264,45
MF,34.0108,0.47,0.4,264,45
IL,102.1368,0.96,0.4,265,48
MF,17.8632,0.96,0.4,265,48
IL,30.8072,0.39,0.4,266,51
MF,89.1928,0.39,0.4,266,51
IL,26.7304,0.15,0.4,267,44
MF,93.2696,0.15,0.4,267,44
IL,79.8,0.49,0.4,268,46
MF,40.2,0.49,0.4,268,46
IL,27.2464,0.15,0.4,269,50
MF,92.7536,0.15,0.4,269,50
IL,85.938,0.65,0.4,270,47
MF,34.062,0.65,0.4,270,47
IL,62.3996,0.39,0.4,271,45
MF,57.6004,0.39,0.4,271,45
IL,71.7696,0.57,0.4,272,51
MF,48.2304,0.57,0.4,272,51
IL,46.6972,0.27,0.4,273,46
MF,73.3028,0.27,0.4,273,46
IL,89.4616,0.57,0.4,274,45
MF,30.5384,0.57,0.4,274,45
IL,8.568310781318202,0.01,0.4,275,43
MF,112.148,0.01,0.4,275,43
IL,80.3748,0.62,0.4,276,49
MF,39.6252,0.62,0.4,276,49
IL,65.8432,0.43,0.4,277,42
MF,54.1568,0.43,0.4,277,42
IL,102.1612,0.91,0.4,278,46
MF,17.8388,0.91,0.4,278,46
IL,102.422,0.79,0.4,279,43
MF,17.578,0.79,0.4,279,43
IL,103.1436,0.87,0.4,280,46
MF,16.8564,0.87,0.4,280,46
IL,71.3608,0.58,0.4,281,48
MF,48.6392,0.58,0.4,281,48
IL,97.322,0.74,0.4,282,49
MF,22.678,0.74,0.4,282,49
IL,37.3108,0.2,0.4,283,47
MF,82.6892,0.2,0.4,283,47
IL,64.3172,0.55,0.4,284,42
MF,55.6828,0.55,0.4,284,42
IL,31.2256,0.17,0.4,285,43
MF,88.7744,0.17,0.4,285,43
IL,68.6388,0.36,0.4,286,48
MF,51.3612,0.36,0.4,286,48
IL,107.2008,0.99,0.4,287,51
MF,12.7992,0.99,0.4,287,51
IL,111.6656,0.99,0.4,288,45
MF,8.3344,0.99,0.4,288,45
IL,61.092,0.41,0.4,289,45
MF,58.908,0.41,0.4,289,45
IL,24.0868,0.31,0.4,290,46
MF,95.9132,0.31,0.4,290,46
IL,57.8516,0.41,0.4,291,51
MF,62.1484,0.41,0.4,291,51
IL,53.042,0.5,0.4,292,49
MF,66.958,0.5,0.4,292,49
IL,100.8924,0.73,0.4,293,47
MF,19.1076,0.73,0.4,293,47
IL,13.9384,0.03,0.4,294,50
MF,106.0616,0.03,0.4,294,50
IL,94.2092,0.8,0.4,295,43
MF,25.7908,0.8,0.4,295,43
IL,22.1316,0.03,0.4,296,44
MF,97.8684,0.03,0.4,296,44
IL,90.3748,0.8,0.4,297,42
MF,29.6252,0.8,0.4,297,42
IL,17.736,0.03,0.4,298,45
MF,102.264,0.03,0.4,298,45
IL,11.9052,0.03,0.4,299,51
MF,108.0948,0.03,0.4,299,51
IL,74.5632,0.73,0.4,300,46
MF,45.4368,0.73,0.4,300,46
IL,69.7828,0.5,0.4,301,48
MF,50.2172,0.5,0.4,301,48
IL,47.1364,0.41,0.4,302,50
MF,72.8636,0.41,0.4,302,50
IL,46.834,0.31,0.4,303,47
MF,73.166,0.31,0.4,303,47
IL,61.0752,0.41,0.4,304,44
MF,58.9248,0.41,0.4,304,44
IL,112.6108,0.99,0.4,305,44
MF,7.3892,0.99,0.4,305,44
IL,16.7912,0.17,0.4,306,42
MF,103.2088,0.17,0.4,306,42
IL,110.4464,0.99,0.4,307,50
MF,9.5536,0.99,0.4,307,50
IL,54.3684,0.36,0.4,308,49
MF,65.6316,0.36,0.4,308,49
IL,27.8688,0.2,0.4,309,46
MF,92.1312,0.2,0.4,309,46
IL,99.7932,0.74,0.4,310,48
MF,20.2068,0.74,0.4,310,48
IL,72.9692,0.55,0.4,311,43
MF,47.0308,0.55,0.4,311,43
IL,94.7544,0.79,0.4,312,42
MF,25.2456,0.79,0.4,312,42
IL,76.7188,0.58,0.4,313,49
MF,43.2812,0.58,0.4,313,49
IL,101.4288,0.87,0.4,314,47
MF,18.5712,0.87,0.4,314,47
IL,102.4116,0.91,0.4,315,47
MF,17.5884,0.91,0.4,315,47
IL,83.7156,0.62,0.4,316,48
MF,36.2844,0.62,0.4,316,48
IL,74.6352,0.43,0.4,317,43
MF,45.3648,0.43,0.4,317,43
IL,10.334539605950946,0.01,0.4,318,42
MF,109.7192,0.01,0.4,318,42
IL,79.1184,0.57,0.4,319,44
MF,40.8816,0.57,0.4,319,44
IL,29.8904,0.27,0.4,320,47
MF,90.1096,0.27,0.4,320,47
IL,85.5496,0.57,0.4,321,50
MF,34.4504,0.57,0.4,321,50
IL,66.7676,0.39,0.4,322,44
MF,53.2324,0.39,0.4,322,44
IL,84.7884,0.65,0.4,323,46
MF,35.2116,0.65,0.4,323,46
IL,38.2496,0.15,0.4,324,51
MF,81.7504,0.15,0.4,324,51
IL,68.5984,0.49,0.4,325,47
MF,51.4016,0.49,0.4,325,47
IL,27.9732,0.15,0.4,326,45
MF,92.0268,0.15,0.4,326,45
IL,59.68,0.39,0.4,327,50
MF,60.32,0.39,0.4,327,50
IL,108.6348,0.96,0.4,328,49
MF,11.397111913357401,0.96,0.4,328,49
IL,63.42,0.49,0.4,329,51
MF,56.58,0.49,0.4,329,51
IL,93.0664,0.65,0.4,330,44
MF,26.9336,0.65,0.4,330,44
IL,57.8372,0.39,0.4,331,46
MF,62.1628,0.39,0.4,331,46
IL,88.5832,0.65,0.4,332,50
MF,31.4168,0.65,0.4,332,50
IL,26.5428,0.15,0.4,333,47
MF,93.4572,0.15,0.4,333,47
IL,94.9912,0.49,0.4,334,45
MF,25.0088,0.49,0.4,334,45
IL,10.034,0.0,0.4,335,43
MF,109.966,0.0,0.4,335,43
IL,45.108,0.27,0.4,336,51
MF,74.892,0.27,0.4,336,51
IL,87.4864,0.88,0.4,337,48
MF,32.5136,0.88,0.4,337,48
IL,67.3516,0.57,0.4,338,46
MF,52.6484,0.57,0.4,338,46
IL,48.3944,0.27,0.4,339,45
MF,71.6056,0.27,0.4,339,45
IL,96.6544,0.85,0.4,340,42
MF,23.3456,0.85,0.4,340,42
IL,84.8864,0.71,0.4,341,43
MF,35.1136,0.71,0.4,341,43
IL,18.7088,0.12,0.4,342,49
MF,101.2912,0.12,0.4,342,49
IL,96.8972,0.91,0.4,343,45
MF,23.1028,0.91,0.4,343,45
IL,40.818,0.33,0.4,344,42
MF,79.182,0.33,0.4,344,42
IL,100.8724,0.91,0.4,345,51
MF,19.1276,0.91,0.4,345,51
IL,20.3188,0.09,0.4,346,43
MF,99.6812,0.09,0.4,346,43
IL,43.8484,0.2,0.4,347,44
MF,76.1516,0.2,0.4,347,44
IL,91.0148,0.87,0.4,348,51
MF,28.9852,0.87,0.4,348,51
IL,34.638,0.28,0.4,349,48
MF,85.362,0.28,0.4,349,48
IL,52.368,0.2,0.4,350,50
MF,67.632,0.2,0.4,350,50
IL,113.2472,0.87,0.4,351,45
MF,6.7528,0.87,0.4,351,45
IL,18.9964,0.04,0.4,352,49
MF,101.0036,0.04,0.4,352,49
IL,43.328,0.25,0.4,353,42
MF,76.672,0.25,0.4,353,42
IL,91.7876,0.67,0.4,354,43
MF,28.2124,0.67,0.4,354,43
IL,112.0888,0.99,0.4,355,46
MF,7.9112,0.99,0.4,355,46
IL,71.066,0.46,0.4,356,48
MF,48.934,0.46,0.4,356,48
IL,73.6288,0.31,0.4,357,45
MF,46.3712,0.31,0.4,357,45
IL,102.6144,0.93,0.4,358,42
MF,17.3856,0.93,0.4,358,42
IL,52.8176,0.41,0.4,359,46
MF,67.1824,0.41,0.4,359,46
IL,33.8988,0.31,0.4,360,51
MF,86.1012,0.31,0.4,360,51
IL,12.0752,0.03,0.4,361,47
MF,107.9248,0.03,0.4,361,47
IL,84.3752,0.73,0.4,362,50
MF,35.6248,0.73,0.4,362,50
IL,89.2552,0.73,0.4,363,44
MF,30.7448,0.73,0.4,363,44
IL,75.1252,0.73,0.4,364,45
MF,44.8748,0.73,0.4,364,45
IL,94.0104,0.73,0.4,365,51
MF,25.9896,0.73,0.4,365,51
IL,11.658,0.03,0.4,366,46
MF,108.342,0.03,0.4,366,46
IL,44.684,0.31,0.4,367,50
MF,75.316,0.31,0.4,367,50
IL,61.6168,0.41,0.4,368,47
MF,58.3832,0.41,0.4,368,47
IL,55.326,0.31,0.4,369,44
MF,64.674,0.31,0.4,369,44
IL,105.7236,0.93,0.4,370,43
MF,14.2764,0.93,0.4,370,43
IL,85.8464,0.67,0.4,371,42
MF,34.1536,0.67,0.4,371,42
IL,67.4064,0.46,0.4,372,49
MF,52.5936,0.46,0.4,372,49
IL,101.6496,0.99,0.4,373,47
MF,18.3504,0.99,0.4,373,47
IL,14.23,0.04,0.4,374,48
MF,105.77,0.04,0.4,374,48
IL,104.7436,0.87,0.4,375,44
MF,15.2564,0.87,0.4,375,44
IL,38.7176,0.2,0.4,376,51
MF,81.2824,0.2,0.4,376,51
IL,45.17,0.25,0.4,377,43
MF,74.83,0.25,0.4,377,43
IL,25.8716,0.09,0.4,378,42
MF,94.1284,0.09,0.4,378,42
IL,41.166,0.28,0.4,379,49
MF,78.834,0.28,0.4,379,49
IL,100.728,0.87,0.4,380,50
MF,19.272,0.87,0.4,380,50
IL,39.2892,0.2,0.4,381,45
MF,80.7108,0.2,0.4,381,45
IL,105.724,0.91,0.4,382,50
MF,14.276,0.91,0.4,382,50
IL,103.688,0.91,0.4,383,44
MF,16.312,0.91,0.4,383,44
IL,24.0816,0.12,0.4,384,48
MF,95.9184,0.12,0.4,384,48
IL,30.6256,0.33,0.4,385,43
MF,89.3744,0.33,0.4,385,43
IL,89.332,0.71,0.4,386,42
MF,30.668,0.71,0.4,386,42
IL,51.7048,0.27,0.4,387,44
MF,68.2952,0.27,0.4,387,44
IL,92.5852,0.85,0.4,388,43
MF,27.4148,0.85,0.4,388,43
IL,6.1624,0.0,0.4,389,42
MF,113.8376,0.0,0.4,389,42
IL,64.9232,0.57,0.4,390,47
MF,55.0768,0.57,0.4,390,47
IL,101.8788,0.88,0.4,391,49
MF,18.1212,0.88,0.4,391,49
IL,50.3808,0.27,0.4,392,50
MF,69.6192,0.27,0.4,392,50
IL,78.3752,0.49,0.4,393,44
MF,41.6248,0.49,0.4,393,44
IL,34.214,0.15,0.4,394,46
MF,85.786,0.15,0.4,394,46
IL,70.7992,0.65,0.4,395,51
MF,49.2008,0.65,0.4,395,51
IL,44.5164,0.39,0.4,396,47
MF,75.4836,0.39,0.4,396,47
IL,71.0668,0.65,0.4,397,45
MF,48.9332,0.65,0.4,397,45
IL,70.8744,0.49,0.4,398,50
MF,49.1256,0.49,0.4,398,50
IL,77.3464,0.57,0.4,399,43
MF,42.6536,0.57,0.4,399,43
IL,6.7172,0.0,0.4,400,46
MF,113.2828,0.0,0.4,400,46
IL,75.168,0.76,0.4,401,48
MF,44.832,0.76,0.4,401,48
IL,100.5348,0.85,0.4,402,47
MF,19.4652,0.85,0.4,402,47
IL,55.6884,0.39,0.4,403,43
MF,64.3116,0.39,0.4,403,43
IL,47.3936,0.18,0.4,404,48
MF,72.6064,0.18,0.4,404,48
IL,46.0356,0.34,0.4,405,49
MF,73.9644,0.34,0.4,405,49
IL,27.3504,0.15,0.4,406,42
MF,92.6496,0.15,0.4,406,42
IL,55.5888,0.43,0.4,407,50
MF,64.4112,0.43,0.4,407,50
IL,57.1916,0.33,0.4,408,47
MF,62.8084,0.33,0.4,408,47
IL,67.5332,0.43,0.4,409,44
MF,52.4668,0.43,0.4,409,44
IL,101.7248,0.82,0.4,410,49
MF,18.2752,0.82,0.4,410,49
IL,12.414,0.01,0.4,411,45
MF,107.586,0.01,0.4,411,45
IL,6.083707635769702,0.01,0.4,412,51
MF,114.0404,0.01,0.4,412,51
IL,102.7152,0.71,0.4,413,46
MF,17.2848,0.71,0.4,413,46
IL,86.5048,0.7,0.4,414,48
MF,33.4952,0.7,0.4,414,48
IL,103.9132,0.99,0.4,415,43
MF,16.0868,0.99,0.4,415,43
IL,85.2156,0.67,0.4,416,46
MF,34.7844,0.67,0.4,416,46
IL,20.9124,0.17,0.4,417,51
MF,99.0876,0.17,0.4,417,51
IL,33.2012,0.17,0.4,418,45
MF,86.7988,0.17,0.4,418,45
IL,102.0292,0.94,0.4,419,49
MF,17.9708,0.94,0.4,419,49
IL,19.626,0.09,0.4,420,46
MF,100.374,0.09,0.4,420,46
IL,82.0276,0.55,0.4,421,44
MF,37.9724,0.55,0.4,421,44
IL,93.6576,0.79,0.4,422,51
MF,26.3424,0.79,0.4,422,51
IL,104.0512,0.79,0.4,423,45
MF,15.9488,0.79,0.4,423,45
IL,37.5396,0.25,0.4,424,47
MF,82.4604,0.25,0.4,424,47
IL,83.6068,0.55,0.4,425,50
MF,36.3932,0.55,0.4,425,50
IL,36.262,0.22,0.4,426,49
MF,83.738,0.22,0.4,426,49
IL,104.2756,0.8,0.4,427,45
MF,15.7244,0.8,0.4,427,45
IL,15.636,0.03,0.4,428,42
MF,104.364,0.03,0.4,428,42
IL,104.5624,0.8,0.4,429,51
MF,15.4376,0.8,0.4,429,51
IL,100.98,0.93,0.4,430,47
MF,19.02,0.93,0.4,430,47
IL,58.8584,0.41,0.4,431,43
MF,61.1416,0.41,0.4,431,43
IL,52.0588,0.41,0.4,432,42
MF,67.9412,0.41,0.4,432,42
IL,106.0016,0.93,0.4,433,46
MF,13.9984,0.93,0.4,433,46
IL,102.7864,0.8,0.4,434,50
MF,17.2136,0.8,0.4,434,50
IL,100.9056,0.8,0.4,435,44
MF,19.0944,0.8,0.4,435,44
IL,41.8104,0.22,0.4,436,48
MF,78.1896,0.22,0.4,436,48
IL,14.8096,0.03,0.4,437,43
MF,105.1904,0.03,0.4,437,43
IL,71.93,0.55,0.4,438,51
MF,48.07,0.55,0.4,438,51
IL,48.0736,0.25,0.4,439,46
MF,71.9264,0.25,0.4,439,46
IL,95.2784,0.79,0.4,440,44
MF,24.7216,0.79,0.4,440,44
IL,82.3244,0.79,0.4,441,50
MF,37.6756,0.79,0.4,441,50
IL,61.8612,0.55,0.4,442,45
MF,58.1388,0.55,0.4,442,45
IL,15.1728,0.09,0.4,443,47
MF,104.8272,0.09,0.4,443,47
IL,106.3264,0.94,0.4,444,48
MF,13.6736,0.94,0.4,444,48
IL,32.5852,0.17,0.4,445,44
MF,87.4148,0.17,0.4,445,44
IL,101.9724,0.99,0.4,446,42
MF,18.0276,0.99,0.4,446,42
IL,33.5488,0.17,0.4,447,50
MF,86.4512,0.17,0.4,447,50
IL,92.0212,0.67,0.4,448,47
MF,27.9788,0.67,0.4,448,47
IL,87.23,0.7,0.4,449,49
MF,32.77,0.7,0.4,449,49
IL,103.3116,0.71,0.4,450,47
MF,16.6884,0.71,0.4,450,47
IL,10.3148,0.01,0.4,451,50
MF,109.6852,0.01,0.4,451,50
IL,10.2444,0.01,0.4,452,44
MF,109.7556,0.01,0.4,452,44
IL,96.9532,0.82,0.4,453,48
MF,23.0468,0.82,0.4,453,48
IL,52.092,0.43,0.4,454,45
MF,67.908,0.43,0.4,454,45
IL,43.2172,0.33,0.4,455,46
MF,76.7828,0.33,0.4,455,46
IL,60.7612,0.43,0.4,456,51
MF,59.2388,0.43,0.4,456,51
IL,48.5612,0.34,0.4,457,48
MF,71.4388,0.34,0.4,457,48
IL,30.7104,0.15,0.4,458,43
MF,89.2896,0.15,0.4,458,43
IL,45.44,0.39,0.4,459,42
MF,74.56,0.39,0.4,459,42
IL,33.1036,0.18,0.4,460,49
MF,86.8964,0.18,0.4,460,49
IL,105.8812,0.85,0.4,461,46
MF,14.1188,0.85,0.4,461,46
IL,87.6536,0.57,0.4,462,42
MF,32.3464,0.57,0.4,462,42
IL,91.7708,0.76,0.4,463,49
MF,28.2292,0.76,0.4,463,49
IL,8.2716,0.0,0.4,464,47
MF,111.7284,0.0,0.4,464,47
IL,40.2728,0.27,0.4,465,43
MF,79.7272,0.27,0.4,465,43
IL,22.2308,0.06,0.4,466,48
MF,97.7692,0.06,0.4,466,48
IL,9.9296,0.0,0.4,467,51
MF,110.0704,0.0,0.4,467,51
IL,93.5336,0.85,0.4,468,44
MF,26.4664,0.85,0.4,468,44
IL,9.9124,0.0,0.4,469,45
MF,110.0876,0.0,0.4,469,45
IL,101.8384,0.85,0.4,470,50
MF,18.1616,0.85,0.4,470,50
IL,55.7776,0.49,0.4,471,43
MF,64.2224,0.49,0.4,471,43
IL,105.0528,0.68,0.4,472,48
MF,14.9472,0.68,0.4,472,48
IL,60.4988,0.44,0.4,473,49
MF,59.5012,0.44,0.4,473,49
IL,84.5924,0.65,0.4,474,42
MF,35.4076,0.65,0.4,474,42
IL,41.0324,0.33,0.4,475,50
MF,78.9676,0.33,0.4,475,50
IL,58.2012,0.43,0.4,476,47
MF,61.7988,0.43,0.4,476,47
IL,101.168,0.91,0.4,477,43
MF,18.832,0.91,0.4,477,43
IL,53.3096,0.33,0.4,478,44
MF,66.6904,0.33,0.4,478,44
IL,81.3544,0.71,0.4,479,45
MF,38.6456,0.71,0.4,479,45
IL,103.4968,0.71,0.4,480,51
MF,16.5032,0.71,0.4,480,51
IL,12.5568,0.01,0.4,481,46
MF,107.4432,0.01,0.4,481,46
IL,36.5596,0.17,0.4,482,46
MF,83.4404,0.17,0.4,482,46
IL,101.1832,0.67,0.4,483,51
MF,18.8168,0.67,0.4,483,51
IL,105.0612,0.67,0.4,484,45
MF,14.9388,0.67,0.4,484,45
IL,92.354,0.87,0.4,485,43
MF,27.646,0.87,0.4,485,43
IL,98.262,0.79,0.4,486,46
MF,21.738,0.79,0.4,486,46
IL,27.7568,0.25,0.4,487,44
MF,92.2432,0.25,0.4,487,44
IL,17.7792,0.09,0.4,488,51
MF,102.2208,0.09,0.4,488,51
IL,22.2384,0.09,0.4,489,45
MF,97.7616,0.09,0.4,489,45
IL,72.384,0.55,0.4,490,47
MF,47.616,0.55,0.4,490,47
IL,44.8424,0.25,0.4,491,50
MF,75.1576,0.25,0.4,491,50
IL,26.262,0.2,0.4,492,42
MF,93.738,0.2,0.4,492,42
IL,70.2016,0.52,0.4,493,49
MF,49.7984,0.52,0.4,493,49
IL,101.7824,0.73,0.4,494,42
MF,18.2176,0.73,0.4,494,42
IL,83.6972,0.8,0.4,495,46
MF,36.3028,0.8,0.4,495,46
IL,112.3068,0.93,0.4,496,50
MF,7.6932,0.93,0.4,496,50
IL,28.7,0.31,0.4,497,43
MF,91.3,0.31,0.4,497,43
IL,102.7496,0.93,0.4,498,44
MF,17.2504,0.93,0.4,498,44
IL,43.8212,0.31,0.4,499,42
MF,76.1788,0.31,0.4,499,42
IL,96.5324,0.93,0.4,500,45
MF,23.4676,0.93,0.4,500,45
IL,109.1528,0.93,0.4,501,51
MF,10.8472,0.93,0.4,501,51
IL,100.366,0.8,0.4,502,47
MF,19.634,0.8,0.4,502,47
IL,79.638,0.52,0.4,503,48
MF,40.362,0.52,0.4,503,48
IL,94.7696,0.73,0.4,504,43
MF,25.2304,0.73,0.4,504,43
IL,36.0024,0.25,0.4,505,51
MF,83.9976,0.25,0.4,505,51
IL,69.0872,0.55,0.4,506,46
MF,50.9128,0.55,0.4,506,46
IL,29.7284,0.09,0.4,507,44
MF,90.2716,0.09,0.4,507,44
IL,35.52,0.2,0.4,508,43
MF,84.48,0.2,0.4,508,43
IL,105.8224,0.87,0.4,509,42
MF,14.1776,0.87,0.4,509,42
IL,16.7464,0.09,0.4,510,50
MF,103.2536,0.09,0.4,510,50
IL,42.2816,0.25,0.4,511,45
MF,77.7184,0.25,0.4,511,45
IL,90.0744,0.79,0.4,512,47
MF,29.9256,0.79,0.4,512,47
IL,90.024,0.67,0.4,513,44
MF,29.976,0.67,0.4,513,44
IL,85.7472,0.67,0.4,514,50
MF,34.2528,0.67,0.4,514,50
IL,32.506,0.17,0.4,515,47
MF,87.494,0.17,0.4,515,47
IL,9.7416,0.01,0.4,516,47
MF,110.2584,0.01,0.4,516,47
IL,85.752,0.71,0.4,517,50
MF,34.248,0.71,0.4,517,50
IL,92.6944,0.71,0.4,518,44
MF,27.3056,0.71,0.4,518,44
IL,97.928,0.91,0.4,519,42
MF,22.072,0.91,0.4,519,42
IL,53.7584,0.33,0.4,520,45
MF,66.2416,0.33,0.4,520,45
IL,77.3752,0.43,0.4,521,46
MF,42.6248,0.43,0.4,521,46
IL,47.6268,0.33,0.4,522,51
MF,72.3732,0.33,0.4,522,51
IL,55.6236,0.44,0.4,523,48
MF,64.3764,0.44,0.4,523,48
IL,82.1492,0.65,0.4,524,43
MF,37.8508,0.65,0.4,524,43
IL,75.7792,0.49,0.4,525,42
MF,44.2208,0.49,0.4,525,42
IL,77.4792,0.68,0.4,526,49
MF,42.5208,0.68,0.4,526,49
IL,98.1396,0.85,0.4,527,51
MF,21.8604,0.85,0.4,527,51
IL,9.24898456539399,0.0,0.4,528,44
MF,110.8916,0.0,0.4,528,44
IL,50.7408,0.27,0.4,529,42
MF,69.2592,0.27,0.4,529,42
IL,99.4664,0.85,0.4,530,45
MF,20.5336,0.85,0.4,530,45
IL,8.8564,0.0,0.4,531,50
MF,111.1436,0.0,0.4,531,50
IL,16.7436,0.06,0.4,532,49
MF,103.2564,0.06,0.4,532,49
IL,17.056,0.06,0.4,533,50
MF,102.944,0.06,0.4,533,50
IL,100.1864,0.76,0.4,534,47
MF,19.8136,0.76,0.4,534,47
IL,9.4504,0.0,0.4,535,49
MF,110.5496,0.0,0.4,535,49
IL,91.2768,0.88,0.4,536,42
MF,28.7232,0.88,0.4,536,42
IL,97.3256,0.85,0.4,537,48
MF,22.6744,0.85,0.4,537,48
IL,22.0124,0.06,0.4,538,44
MF,97.9876,0.06,0.4,538,44
IL,101.7344,0.68,0.4,539,50
MF,18.2656,0.68,0.4,539,50
IL,19.3748,0.18,0.4,540,47
MF,100.6252,0.18,0.4,540,47
IL,54.2608,0.44,0.4,541,45
MF,65.7392,0.44,0.4,541,45
IL,72.3464,0.44,0.4,542,51
MF,47.6536,0.44,0.4,542,51
IL,75.7104,0.68,0.4,543,44
MF,44.2896,0.68,0.4,543,44
IL,42.1528,0.34,0.4,544,46
MF,77.8472,0.34,0.4,544,46
IL,18.2472,0.12,0.4,545,43
MF,101.7528,0.12,0.4,545,43
IL,49.146,0.33,0.4,546,48
MF,70.854,0.33,0.4,546,48
IL,98.4704,0.82,0.4,547,46
MF,21.5296,0.82,0.4,547,46
IL,92.3108,0.7,0.4,548,47
MF,27.6892,0.7,0.4,548,47
IL,91.9148,0.71,0.4,549,49
MF,28.0852,0.71,0.4,549,49
IL,81.0268,0.67,0.4,550,49
MF,38.9732,0.67,0.4,550,49
IL,74.2916,0.46,0.4,551,42
MF,45.7084,0.46,0.4,551,42
IL,105.3908,0.94,0.4,552,46
MF,14.6092,0.94,0.4,552,46
IL,13.0564,0.09,0.4,553,49
MF,106.9436,0.09,0.4,553,49
IL,43.3012,0.28,0.4,554,42
MF,76.6988,0.28,0.4,554,42
IL,11.7676,0.04,0.4,555,43
MF,108.2324,0.04,0.4,555,43
IL,48.9168,0.25,0.4,556,48
MF,71.0832,0.25,0.4,556,48
IL,49.8772,0.22,0.4,557,46
MF,70.1228,0.22,0.4,557,46
IL,87.73,0.52,0.4,558,51
MF,32.27,0.52,0.4,558,51
IL,73.6588,0.52,0.4,559,45
MF,46.3412,0.52,0.4,559,45
IL,101.4664,0.93,0.4,560,48
MF,18.5336,0.93,0.4,560,48
IL,107.9464,0.93,0.4,561,49
MF,12.0536,0.93,0.4,561,49
IL,71.2656,0.52,0.4,562,44
MF,48.7344,0.52,0.4,562,44
IL,80.36,0.52,0.4,563,50
MF,39.64,0.52,0.4,563,50
IL,32.0372,0.22,0.4,564,47
MF,87.9628,0.22,0.4,564,47
IL,16.3696,0.04,0.4,565,42
MF,103.6304,0.04,0.4,565,42
IL,32.596,0.25,0.4,566,49
MF,87.404,0.25,0.4,566,49
IL,30.4036,0.09,0.4,567,48
MF,89.5964,0.09,0.4,567,48
IL,47.2648,0.28,0.4,568,43
MF,72.7352,0.28,0.4,568,43
IL,108.9836,0.94,0.4,569,47
MF,11.0164,0.94,0.4,569,47
IL,96.6952,0.67,0.4,570,48
MF,23.3048,0.67,0.4,570,48
IL,65.4564,0.46,0.4,571,43
MF,54.5436,0.46,0.4,571,43
IL,98.59,0.71,0.4,572,48
MF,21.41,0.71,0.4,572,48
IL,90.2844,0.7,0.4,573,46
MF,29.7156,0.7,0.4,573,46
IL,101.5932,0.82,0.4,574,47
MF,18.4068,0.82,0.4,574,47
IL,26.0236,0.12,0.4,575,42
MF,93.9764,0.12,0.4,575,42
IL,63.6344,0.33,0.4,576,49
MF,56.3656,0.33,0.4,576,49
IL,38.1148,0.34,0.4,577,47
MF,81.8852,0.34,0.4,577,47
IL,91.0072,0.68,0.4,578,45
MF,28.9928,0.68,0.4,578,45
IL,76.8536,0.44,0.4,579,50
MF,43.1464,0.44,0.4,579,50
IL,62.6568,0.44,0.4,580,44
MF,57.3432,0.44,0.4,580,44
IL,38.6592,0.18,0.4,581,46
MF,81.3408,0.18,0.4,581,46
IL,90.4156,0.68,0.4,582,51
MF,29.5844,0.68,0.4,582,51
IL,28.096,0.06,0.4,583,45
MF,91.904,0.06,0.4,583,45
IL,95.4712,0.85,0.4,584,49
MF,24.5288,0.85,0.4,584,49
IL,10.2612,0.0,0.4,585,48
MF,109.7388,0.0,0.4,585,48
IL,88.0136,0.76,0.4,586,46
MF,31.9864,0.76,0.4,586,46
IL,18.5644,0.06,0.4,587,51
MF,101.4356,0.06,0.4,587,51
IL,98.5268,0.88,0.4,588,43
MF,21.4732,0.88,0.4,588,43
IL,97.4976,0.76,0.4,589,50
MF,22.5024,0.76,0.4,589,50
IL,15.3848,0.06,0.4,590,47
MF,104.6152,0.06,0.4,590,47
IL,91.4316,0.76,0.4,591,44
MF,28.5684,0.76,0.4,591,44
IL,24.6756,0.18,0.4,592,50
MF,95.3244,0.18,0.4,592,50
IL,71.234,0.68,0.4,593,47
MF,48.766,0.68,0.4,593,47
IL,37.7384,0.34,0.4,594,45
MF,82.2616,0.34,0.4,594,45
IL,102.1332,0.96,0.4,595,42
MF,17.8668,0.96,0.4,595,42
IL,43.4152,0.34,0.4,596,51
MF,76.5848,0.34,0.4,596,51
IL,41.6892,0.18,0.4,597,44
MF,78.3108,0.18,0.4,597,44
IL,68.9168,0.44,0.4,598,46
MF,51.0832,0.44,0.4,598,46
IL,92.4952,0.62,0.4,599,43
MF,27.5048,0.62,0.4,599,43
IL,54.2468,0.43,0.4,600,48
MF,65.7532,0.43,0.4,600,48
IL,101.5904,0.82,0.4,601,51
MF,18.4096,0.82,0.4,601,51
IL,83.9528,0.7,0.4,602,44
MF,36.0472,0.7,0.4,602,44
IL,10.5212,0.01,0.4,603,49
MF,109.4788,0.01,0.4,603,49
IL,84.5612,0.82,0.4,604,45
MF,35.4388,0.82,0.4,604,45
IL,102.4288,0.7,0.4,605,50
MF,17.89327902240326,0.7,0.4,605,50
IL,100.2744,0.94,0.4,606,45
MF,19.7256,0.94,0.4,606,45
IL,23.7944,0.17,0.4,607,49
MF,96.2056,0.17,0.4,607,49
IL,40.7444,0.36,0.4,608,42
MF,79.2556,0.36,0.4,608,42
IL,111.48,0.94,0.4,609,51
MF,8.52,0.94,0.4,609,51
IL,92.8216,0.79,0.4,610,49
MF,27.1784,0.79,0.4,610,49
IL,84.3168,0.58,0.4,611,42
MF,35.6832,0.58,0.4,611,42
IL,108.1916,0.74,0.4,612,43
MF,11.8084,0.74,0.4,612,43
IL,87.88,0.55,0.4,613,48
MF,32.12,0.55,0.4,613,48
IL,94.9608,0.5,0.4,614,43
MF,25.0392,0.5,0.4,614,43
IL,65.6732,0.52,0.4,615,46
MF,54.3268,0.52,0.4,615,46
IL,42.5316,0.22,0.4,616,51
MF,77.4684,0.22,0.4,616,51
IL,50.9452,0.22,0.4,617,45
MF,69.0548,0.22,0.4,617,45
IL,97.4412,0.8,0.4,618,49
MF,22.5588,0.8,0.4,618,49
IL,104.3696,0.8,0.4,619,48
MF,15.6304,0.8,0.4,619,48
IL,28.8552,0.22,0.4,620,44
MF,91.1448,0.22,0.4,620,44
IL,72.642,0.5,0.4,621,42
MF,47.358,0.5,0.4,621,42
IL,38.3104,0.22,0.4,622,50
MF,81.6896,0.22,0.4,622,50
IL,77.7476,0.52,0.4,623,47
MF,42.2524,0.52,0.4,623,47
IL,90.958,0.74,0.4,624,42
MF,29.042,0.74,0.4,624,42
IL,76.346,0.55,0.4,625,49
MF,43.654,0.55,0.4,625,49
IL,99.246,0.79,0.4,626,48
MF,20.754,0.79,0.4,626,48
IL,82.8424,0.58,0.4,627,43
MF,37.1576,0.58,0.4,627,43
IL,96.8148,0.94,0.4,628,50
MF,23.1852,0.94,0.4,628,50
IL,31.7088,0.17,0.4,629,48
MF,88.2912,0.17,0.4,629,48
IL,104.0524,0.94,0.4,630,44
MF,15.9476,0.94,0.4,630,44
IL,60.884,0.36,0.4,631,43
MF,59.116,0.36,0.4,631,43
IL,95.7248,0.7,0.4,632,51
MF,24.2752,0.7,0.4,632,51
IL,87.8248,0.82,0.4,633,44
MF,32.1752,0.82,0.4,633,44
IL,7.0,0.01,0.4,634,48
MF,113.1484,0.01,0.4,634,48
IL,86.8544,0.7,0.4,635,45
MF,33.1456,0.7,0.4,635,45
IL,98.7572,0.82,0.4,636,50
MF,21.2428,0.82,0.4,636,50
IL,84.626,0.62,0.4,637,42
MF,35.374,0.62,0.4,637,42
IL,71.2972,0.43,0.4,638,49
MF,48.7028,0.43,0.4,638,49
IL,50.0672,0.44,0.4,639,47
MF,69.9328,0.44,0.4,639,47
IL,27.4932,0.18,0.4,640,45
MF,92.5068,0.18,0.4,640,45
IL,47.4308,0.34,0.4,641,50
MF,72.5692,0.34,0.4,641,50
IL,62.4704,0.34,0.4,642,44
MF,57.5296,0.34,0.4,642,44
IL,77.0084,0.68,0.4,643,46
MF,42.9916,0.68,0.4,643,46
IL,33.274,0.18,0.4,644,51
MF,86.726,0.18,0.4,644,51
IL,105.132,0.96,0.4,645,43
MF,14.868,0.96,0.4,645,43
IL,82.5908,0.76,0.4,646,45
MF,37.4092,0.76,0.4,646,45
IL,9.8996,0.06,0.4,647,46
MF,110.1004,0.06,0.4,647,46
IL,100.2596,0.76,0.4,648,51
MF,19.7404,0.76,0.4,648,51
IL,59.6444,0.49,0.4,649,49
MF,60.3556,0.49,0.4,649,49
IL,104.8304,0.96,0.4,650,47
MF,15.1696,0.96,0.4,650,47
IL,71.5936,0.68,0.4,651,42
MF,48.4064,0.68,0.4,651,42
IL,59.7352,0.44,0.4,652,43
MF,60.2648,0.44,0.4,652,43
IL,88.2688,0.65,0.4,653,48
MF,31.7312,0.65,0.4,653,48
IL,48.7984,0.27,0.4,654,49
MF,71.2016,0.27,0.4,654,49
IL,106.5476,0.88,0.4,655,50
MF,13.4524,0.88,0.4,655,50
IL,13.1192,0.06,0.4,656,42
MF,106.8808,0.06,0.4,656,42
IL,102.11,0.88,0.4,657,44
MF,17.89,0.88,0.4,657,44
IL,23.0184,0.12,0.4,658,51
MF,96.9816,0.12,0.4,658,51
IL,70.1064,0.62,0.4,659,46
MF,49.8936,0.62,0.4,659,46
IL,107.0248,0.91,0.4,660,49
MF,12.9752,0.91,0.4,660,49
IL,19.632,0.12,0.4,661,45
MF,100.368,0.12,0.4,661,45
IL,15.0508,0.04,0.4,662,45
MF,104.9492,0.04,0.4,662,45
IL,72.0048,0.58,0.4,663,47
MF,47.9952,0.58,0.4,663,47
IL,105.1604,0.87,0.4,664,49
MF,14.8396,0.87,0.4,664,49
IL,35.1736,0.28,0.4,665,50
MF,84.8264,0.28,0.4,665,50
IL,39.1776,0.2,0.4,666,48
MF,80.8224,0.2,0.4,666,48
IL,90.7572,0.74,0.4,667,46
MF,29.2428,0.74,0.4,667,46
IL,43.5688,0.28,0.4,668,44
MF,76.4312,0.28,0.4,668,44
IL,15.0272,0.04,0.4,669,51
MF,104.9728,0.04,0.4,669,51
IL,42.664,0.36,0.4,670,47
MF,77.336,0.36,0.4,670,47
IL,79.9608,0.46,0.4,671,50
MF,40.0392,0.46,0.4,671,50
IL,64.6936,0.46,0.4,672,44
MF,55.3064,0.46,0.4,672,44
IL,54.2168,0.31,0.4,673,49
MF,65.7832,0.31,0.4,673,49
IL,75.2568,0.52,0.4,674,43
MF,44.7432,0.52,0.4,674,43
IL,104.3212,0.73,0.4,675,48
MF,15.6788,0.73,0.4,675,48
IL,77.0792,0.5,0.4,676,46
MF,42.9208,0.5,0.4,676,46
IL,71.112,0.52,0.4,677,42
MF,48.888,0.52,0.4,677,42
IL,57.0448,0.5,0.4,678,47
MF,62.9552,0.5,0.4,678,47
IL,85.4896,0.73,0.4,679,49
MF,34.5104,0.73,0.4,679,49
IL,50.1976,0.31,0.4,680,48
MF,69.8024,0.31,0.4,680,48
IL,65.608,0.46,0.4,681,45
MF,54.392,0.46,0.4,681,45
IL,74.184,0.46,0.4,682,51
MF,45.816,0.46,0.4,682,51
IL,75.4176,0.36,0.4,683,46
MF,44.5824,0.36,0.4,683,46
IL,17.1,0.04,0.4,684,50
MF,102.9,0.04,0.4,684,50
IL,28.2856,0.28,0.4,685,45
MF,91.7144,0.28,0.4,685,45
IL,89.4476,0.74,0.4,686,47
MF,30.5524,0.74,0.4,686,47
IL,24.444,0.2,0.4,687,49
MF,95.556,0.2,0.4,687,49
IL,46.2,0.28,0.4,688,51
MF,73.8,0.28,0.4,688,51
IL,101.306,0.87,0.4,689,48
MF,18.694,0.87,0.4,689,48
IL,70.24,0.58,0.4,690,46
MF,49.76,0.58,0.4,690,46
IL,13.7636,0.04,0.4,691,44
MF,106.2364,0.04,0.4,691,44
IL,24.5908,0.12,0.4,692,44
MF,95.4092,0.12,0.4,692,44
IL,102.2752,0.91,0.4,693,48
MF,17.7248,0.91,0.4,693,48
IL,56.9568,0.62,0.4,694,47
MF,63.0432,0.62,0.4,694,47
IL,13.4212,0.12,0.4,695,50
MF,106.5788,0.12,0.4,695,50
IL,105.824,0.88,0.4,696,45
MF,14.176,0.88,0.4,696,45
IL,103.5108,0.88,0.4,697,51
MF,16.4892,0.88,0.4,697,51
IL,31.0072,0.27,0.4,698,48
MF,88.9928,0.27,0.4,698,48
IL,15.2576,0.06,0.4,699,43
MF,104.7424,0.06,0.4,699,43
IL,72.6472,0.44,0.4,700,42
MF,47.3528,0.44,0.4,700,42
IL,81.442,0.65,0.4,701,49
MF,38.558,0.65,0.4,701,49
IL,109.6224,0.96,0.4,702,46
MF,10.3776,0.96,0.4,702,46
IL,80.5508,0.49,0.4,703,48
MF,39.4492,0.49,0.4,703,48
IL,95.918,0.68,0.4,704,43
MF,24.082,0.68,0.4,704,43
IL,96.3172,0.96,0.4,705,50
MF,23.6828,0.96,0.4,705,50
IL,69.7756,0.39,0.4,706,49
MF,50.2244,0.39,0.4,706,49
IL,32.0112,0.18,0.4,707,42
MF,87.9888,0.18,0.4,707,42
IL,61.124,0.34,0.4,708,43
MF,58.876,0.34,0.4,708,43
IL,19.0284,0.15,0.4,709,48
MF,100.9716,0.15,0.4,709,48
IL,105.648,0.96,0.4,710,44
MF,14.352,0.96,0.4,710,44
IL,83.4556,0.57,0.4,711,49
MF,36.5444,0.57,0.4,711,49
IL,101.3348,0.88,0.4,712,47
MF,18.6652,0.88,0.4,712,47
IL,96.626,0.76,0.4,713,42
MF,23.374,0.76,0.4,713,42
IL,90.9728,0.82,0.4,714,43
MF,29.0272,0.82,0.4,714,43
IL,98.0796,0.7,0.4,715,42
MF,21.9204,0.7,0.4,715,42
IL,88.8972,0.62,0.4,716,51
MF,31.1028,0.62,0.4,716,51
IL,35.2744,0.12,0.4,717,46
MF,84.7256,0.12,0.4,717,46
IL,82.5768,0.62,0.4,718,45
MF,37.4232,0.62,0.4,718,45
IL,89.5624,0.74,0.4,719,45
MF,30.4376,0.74,0.4,719,45
IL,43.3064,0.28,0.4,720,47
MF,76.6936,0.28,0.4,720,47
IL,78.962,0.58,0.4,721,50
MF,41.038,0.58,0.4,721,50
IL,27.8348,0.04,0.4,722,46
MF,92.1652,0.04,0.4,722,46
IL,85.9524,0.58,0.4,723,44
MF,34.0476,0.58,0.4,723,44
IL,95.6856,0.74,0.4,724,51
MF,24.3144,0.74,0.4,724,51
IL,46.7028,0.46,0.4,725,47
MF,73.2972,0.46,0.4,725,47
IL,45.6964,0.36,0.4,726,50
MF,74.3036,0.36,0.4,726,50
IL,111.4704,0.99,0.4,727,49
MF,8.5296,0.99,0.4,727,49
IL,105.8412,0.94,0.4,728,43
MF,14.1588,0.94,0.4,728,43
IL,42.882,0.36,0.4,729,44
MF,77.118,0.36,0.4,729,44
IL,54.6344,0.41,0.4,730,49
MF,65.3656,0.41,0.4,730,49
IL,37.2176,0.22,0.4,731,43
MF,82.7824,0.22,0.4,731,43
IL,47.7336,0.5,0.4,732,51
MF,72.2664,0.5,0.4,732,51
IL,23.352601156069365,0.03,0.4,733,48
MF,97.376,0.03,0.4,733,48
IL,72.5364,0.5,0.4,734,45
MF,47.4636,0.5,0.4,734,45
IL,64.1576,0.5,0.4,735,44
MF,55.8424,0.5,0.4,735,44
IL,32.7668,0.22,0.4,736,42
MF,87.2332,0.22,0.4,736,42
IL,18.0636,0.03,0.4,737,49
MF,101.9364,0.03,0.4,737,49
IL,76.5104,0.5,0.4,738,50
MF,43.4896,0.5,0.4,738,50
IL,63.5492,0.41,0.4,739,48
MF,56.4508,0.41,0.4,739,48
IL,97.876,0.94,0.4,740,42
MF,22.124,0.94,0.4,740,42
IL,49.8924,0.36,0.4,741,45
MF,70.1076,0.36,0.4,741,45
IL,109.3884,0.99,0.4,742,48
MF,10.740485829959514,0.99,0.4,742,48
IL,45.6084,0.36,0.4,743,51
MF,74.3916,0.36,0.4,743,51
IL,63.5464,0.46,0.4,744,46
MF,56.4536,0.46,0.4,744,46
IL,103.1984,0.74,0.4,745,50
MF,16.8016,0.74,0.4,745,50
IL,59.4344,0.58,0.4,746,45
MF,60.5656,0.58,0.4,746,45
IL,12.2784,0.04,0.4,747,47
MF,107.7216,0.04,0.4,747,47
IL,81.2448,0.58,0.4,748,51
MF,38.7552,0.58,0.4,748,51
IL,31.078,0.28,0.4,749,46
MF,88.922,0.28,0.4,749,46
IL,73.0832,0.74,0.4,750,44
MF,46.9168,0.74,0.4,750,44
IL,82.5344,0.62,0.4,751,44
MF,37.4656,0.62,0.4,751,44
IL,20.0872,0.12,0.4,752,47
MF,99.9128,0.12,0.4,752,47
IL,77.6344,0.62,0.4,753,50
MF,42.3656,0.62,0.4,753,50
IL,83.7816,0.7,0.4,754,43
MF,36.2184,0.7,0.4,754,43
IL,95.4912,0.82,0.4,755,42
MF,24.5088,0.82,0.4,755,42
IL,103.1048,0.88,0.4,756,46
MF,16.8952,0.88,0.4,756,46
IL,85.3328,0.57,0.4,757,48
MF,34.6672,0.57,0.4,757,48
IL,82.1224,0.76,0.4,758,43
MF,37.8776,0.76,0.4,758,43
IL,43.9708,0.34,0.4,759,42
MF,76.0292,0.34,0.4,759,42
IL,106.9488,0.96,0.4,760,45
MF,13.0512,0.96,0.4,760,45
IL,29.1132,0.15,0.4,761,49
MF,90.8868,0.15,0.4,761,49
IL,52.0676,0.39,0.4,762,48
MF,67.9324,0.39,0.4,762,48
IL,105.2548,0.96,0.4,763,51
MF,14.7452,0.96,0.4,763,51
IL,31.2508,0.18,0.4,764,43
MF,88.7492,0.18,0.4,764,43
IL,101.5752,0.66,0.4,765,43
MF,18.4248,0.66,0.4,765,43
IL,74.0348,0.47,0.4,766,48
MF,45.9652,0.47,0.4,766,48
IL,109.2728,0.98,0.4,767,46
MF,10.7272,0.98,0.4,767,46
IL,11.14,0.05,0.4,768,49
MF,108.86,0.05,0.4,768,49
IL,42.1388,0.3,0.4,769,50
MF,77.8612,0.3,0.4,769,50
IL,107.1368,0.86,0.4,770,45
MF,12.8632,0.86,0.4,770,45
IL,42.4828,0.24,0.4,771,42
MF,77.5172,0.24,0.4,771,42
IL,27.928,0.08,0.4,772,43
MF,92.072,0.08,0.4,772,43
IL,46.6084,0.3,0.4,773,44
MF,73.3916,0.3,0.4,773,44
IL,99.6724,0.86,0.4,774,51
MF,20.3276,0.86,0.4,774,51
IL,47.5616,0.29,0.4,775,48
MF,72.4384,0.29,0.4,775,48
IL,88.9476,0.72,0.4,776,44
MF,31.0524,0.72,0.4,776,44
IL,96.4176,0.72,0.4,777,50
MF,23.5824,0.72,0.4,777,50
IL,19.7216,0.02,0.4,778,47
MF,100.2784,0.02,0.4,778,47
IL,110.7104,0.92,0.4,779,42
MF,9.2896,0.92,0.4,779,42
IL,114.708,1.0,0.4,780,50
MF,5.413256955810147,1.0,0.4,780,50
IL,101.948,1.0,0.4,781,44
MF,18.052,1.0,0.4,781,44
IL,42.1356,0.26,0.4,782,45
MF,77.8644,0.26,0.4,782,45
IL,96.5384,0.84,0.4,783,42
MF,23.4616,0.84,0.4,783,42
IL,26.9904,0.1,0.4,784,43
MF,93.0096,0.1,0.4,784,43
IL,69.872,0.56,0.4,785,46
MF,50.128,0.56,0.4,785,46
IL,49.3712,0.26,0.4,786,51
MF,70.6288,0.26,0.4,786,51
IL,97.8652,0.89,0.4,787,48
MF,23.597867803837953,0.89,0.4,787,48
IL,26.7764,0.14,0.4,788,47
MF,93.2236,0.14,0.4,788,47
IL,74.4384,0.48,0.4,789,45
MF,45.5616,0.48,0.4,789,45
IL,75.5376,0.64,0.4,790,50
MF,44.4624,0.64,0.4,790,50
IL,81.736,0.64,0.4,791,44
MF,38.264,0.64,0.4,791,44
IL,50.9876,0.38,0.4,792,46
MF,69.0124,0.38,0.4,792,46
IL,74.0612,0.48,0.4,793,51
MF,45.9388,0.48,0.4,793,51
IL,18.916631578947367,0.13,0.4,794,49
MF,102.0292,0.13,0.4,794,49
IL,42.0268,0.32,0.4,795,42
MF,77.9732,0.32,0.4,795,42
IL,92.3904,0.51,0.4,796,48
MF,27.6096,0.51,0.4,796,48
IL,75.9804,0.51,0.4,797,49
MF,44.0196,0.51,0.4,797,49
IL,17.1572,0.13,0.4,798,48
MF,102.8428,0.13,0.4,798,48
IL,47.5896,0.32,0.4,799,43
MF,72.4104,0.32,0.4,799,43
IL,82.386,0.48,0.4,800,50
MF,37.614,0.48,0.4,800,50
IL,59.7096,0.38,0.4,801,47
MF,60.2904,0.38,0.4,801,47
IL,77.354,0.64,0.4,802,45
MF,42.646,0.64,0.4,802,45
IL,74.3456,0.64,0.4,803,51
MF,45.6544,0.64,0.4,803,51
IL,74.4668,0.48,0.4,804,44
MF,45.5332,0.48,0.4,804,44
IL,32.0316,0.14,0.4,805,46
MF,87.9684,0.14,0.4,805,46
IL,21.7476,0.1,0.4,806,42
MF,98.2524,0.1,0.4,806,42
IL,98.2364,0.89,0.4,807,49
MF,21.7636,0.89,0.4,807,49
IL,36.5764,0.26,0.4,808,50
MF,83.4236,0.26,0.4,808,50
IL,74.0396,0.56,0.4,809,47
MF,45.9604,0.56,0.4,809,47
IL,36.2584,0.26,0.4,810,44
MF,83.7416,0.26,0.4,810,44
IL,101.0756,0.84,0.4,811,43
MF,18.9244,0.84,0.4,811,43
IL,108.868,1.0,0.4,812,45
MF,11.132,1.0,0.4,812,45
IL,100.5328,1.0,0.4,813,51
MF,19.4672,1.0,0.4,813,51
IL,97.6104,0.92,0.4,814,43
MF,22.3896,0.92,0.4,814,43
IL,12.3052,0.02,0.4,815,46
MF,107.6948,0.02,0.4,815,46
IL,95.5584,0.72,0.4,816,51
MF,24.4416,0.72,0.4,816,51
IL,96.5228,0.72,0.4,817,45
MF,23.4772,0.72,0.4,817,45
IL,22.704,0.08,0.4,818,42
MF,97.296,0.08,0.4,818,42
IL,49.5468,0.29,0.4,819,49
MF,70.4532,0.29,0.4,819,49
IL,108.7448,0.86,0.4,820,50
MF,11.2552,0.86,0.4,820,50
IL,42.9716,0.3,0.4,821,45
MF,77.0284,0.3,0.4,821,45
IL,102.1144,0.86,0.4,822,44
MF,17.8856,0.86,0.4,822,44
IL,42.2832,0.3,0.4,823,51
MF,77.7168,0.3,0.4,823,51
IL,17.238,0.05,0.4,824,48
MF,102.762,0.05,0.4,824,48
IL,48.5068,0.24,0.4,825,43
MF,71.4932,0.24,0.4,825,43
IL,77.6484,0.66,0.4,826,42
MF,42.3516,0.66,0.4,826,42
IL,104.5808,0.98,0.4,827,47
MF,15.4192,0.98,0.4,827,47
IL,51.5628,0.47,0.4,828,49
MF,68.4372,0.47,0.4,828,49
IL,105.452,0.98,0.4,829,45
MF,14.548,0.98,0.4,829,45
IL,17.5828,0.16,0.4,830,43
MF,102.4172,0.16,0.4,830,43
IL,41.2584,0.37,0.4,831,48
MF,78.7416,0.37,0.4,831,48
IL,107.7916,0.98,0.4,832,51
MF,12.2084,0.98,0.4,832,51
IL,90.1768,0.75,0.4,833,49
MF,29.8232,0.75,0.4,833,49
IL,40.54,0.3,0.4,834,47
MF,79.46,0.3,0.4,834,47
IL,71.5964,0.54,0.4,835,42
MF,48.4036,0.54,0.4,835,42
IL,83.6588,0.78,0.4,836,43
MF,36.3412,0.78,0.4,836,43
IL,78.9508,0.59,0.4,837,48
MF,41.0492,0.59,0.4,837,48
IL,108.0476,0.86,0.4,838,46
MF,11.9524,0.86,0.4,838,46
IL,103.5128,0.9,0.4,839,43
MF,16.4872,0.9,0.4,839,43
IL,94.9656,0.81,0.4,840,48
MF,25.0344,0.81,0.4,840,48
IL,16.3912,0.02,0.4,841,44
MF,103.6088,0.02,0.4,841,44
IL,16.1904,0.02,0.4,842,50
MF,103.8096,0.02,0.4,842,50
IL,70.1028,0.4,0.4,843,49
MF,49.8972,0.4,0.4,843,49
IL,107.7596,0.72,0.4,844,47
MF,12.2404,0.72,0.4,844,47
IL,112.2512,1.0,0.4,845,47
MF,7.7488,1.0,0.4,845,47
IL,81.0192,0.56,0.4,846,45
MF,38.9808,0.56,0.4,846,45
IL,41.1792,0.26,0.4,847,46
MF,78.8208,0.26,0.4,847,46
IL,80.2936,0.56,0.4,848,51
MF,39.7064,0.56,0.4,848,51
IL,87.6996,0.64,0.4,849,47
MF,32.3004,0.64,0.4,849,47
IL,49.5696,0.38,0.4,850,45
MF,70.4304,0.38,0.4,850,45
IL,33.3432,0.14,0.4,851,50
MF,86.6568,0.14,0.4,851,50
IL,21.3716,0.14,0.4,852,44
MF,98.6284,0.14,0.4,852,44
IL,75.7112,0.48,0.4,853,46
MF,44.2888,0.48,0.4,853,46
IL,109.1668,0.97,0.4,854,48
MF,10.8332,0.97,0.4,854,48
IL,53.4756,0.38,0.4,855,51
MF,66.5244,0.38,0.4,855,51
IL,92.6464,0.63,0.4,856,49
MF,27.3536,0.63,0.4,856,49
IL,57.5196,0.42,0.4,857,42
MF,62.4804,0.42,0.4,857,42
IL,21.5744,0.21,0.4,858,48
MF,98.4256,0.21,0.4,858,48
IL,44.3444,0.21,0.4,859,49
MF,75.6556,0.21,0.4,859,49
IL,87.6784,0.63,0.4,860,48
MF,32.3216,0.63,0.4,860,48
IL,52.8828,0.42,0.4,861,43
MF,67.1172,0.42,0.4,861,43
IL,64.7336,0.38,0.4,862,50
MF,55.2664,0.38,0.4,862,50
IL,108.342,0.97,0.4,863,49
MF,11.658,0.97,0.4,863,49
IL,73.6484,0.48,0.4,864,47
MF,46.3516,0.48,0.4,864,47
IL,38.2404,0.14,0.4,865,45
MF,81.7596,0.14,0.4,865,45
IL,30.6496,0.14,0.4,866,51
MF,89.3504,0.14,0.4,866,51
IL,65.8876,0.38,0.4,867,44
MF,54.1124,0.38,0.4,867,44
IL,71.8368,0.64,0.4,868,46
MF,48.1632,0.64,0.4,868,46
IL,74.954,0.56,0.4,869,50
MF,45.046,0.56,0.4,869,50
IL,54.5256,0.26,0.4,870,47
MF,65.4744,0.26,0.4,870,47
IL,67.6648,0.56,0.4,871,44
MF,52.3352,0.56,0.4,871,44
IL,94.3864,1.0,0.4,872,46
MF,25.6136,1.0,0.4,872,46
IL,94.8924,0.72,0.4,873,46
MF,25.1076,0.72,0.4,873,46
IL,58.6048,0.4,0.4,874,48
MF,61.3952,0.4,0.4,874,48
IL,9.324,0.02,0.4,875,51
MF,110.676,0.02,0.4,875,51
IL,103.0708,0.9,0.4,876,42
MF,16.9292,0.9,0.4,876,42
IL,14.6384,0.02,0.4,877,45
MF,105.3616,0.02,0.4,877,45
IL,103.0996,0.81,0.4,878,49
MF,16.9004,0.81,0.4,878,49
IL,98.672,0.78,0.4,879,42
MF,21.328,0.78,0.4,879,42
IL,89.9924,0.86,0.4,880,47
MF,30.0076,0.86,0.4,880,47
IL,85.6896,0.59,0.4,881,49
MF,34.3104,0.59,0.4,881,49
IL,50.5712,0.3,0.4,882,46
MF,69.4288,0.3,0.4,882,46
IL,100.004,0.75,0.4,883,48
MF,19.996,0.75,0.4,883,48
IL,91.6944,0.54,0.4,884,43
MF,28.3056,0.54,0.4,884,43
IL,20.4484,0.16,0.4,885,42
MF,99.5516,0.16,0.4,885,42
IL,100.6864,0.98,0.4,886,50
MF,19.3136,0.98,0.4,886,50
IL,45.1728,0.37,0.4,887,49
MF,74.8272,0.37,0.4,887,49
IL,108.2656,0.98,0.4,888,44
MF,11.7344,0.98,0.4,888,44
IL,52.1912,0.24,0.4,889,50
MF,67.8088,0.24,0.4,889,50
IL,18.6908,0.08,0.4,890,45
MF,101.3092,0.08,0.4,890,45
IL,76.7884,0.54,0.4,891,47
MF,43.2116,0.54,0.4,891,47
IL,45.1492,0.3,0.4,892,42
MF,74.8508,0.3,0.4,892,42
IL,95.8704,0.86,0.4,893,43
MF,24.1296,0.86,0.4,893,43
IL,20.0212,0.08,0.4,894,51
MF,99.9788,0.08,0.4,894,51
IL,91.1728,0.78,0.4,895,46
MF,28.8272,0.78,0.4,895,46
IL,37.214,0.24,0.4,896,44
MF,82.786,0.24,0.4,896,44
IL,77.4436,0.66,0.4,897,45
MF,42.5564,0.66,0.4,897,45
IL,96.6176,0.66,0.4,898,51
MF,23.3824,0.66,0.4,898,51
IL,23.5472,0.16,0.4,899,46
MF,96.4528,0.16,0.4,899,46
IL,29.1184,0.11,0.4,900,48
MF,90.8816,0.11,0.4,900,48
IL,103.4424,0.92,0.4,901,44
MF,16.5576,0.92,0.4,901,44
IL,105.6776,0.92,0.4,902,50
MF,14.3224,0.92,0.4,902,50
IL,100.4504,0.9,0.4,903,46
MF,19.5496,0.9,0.4,903,46
IL,76.6424,0.53,0.4,904,49
MF,43.3576,0.53,0.4,904,49
IL,99.7016,0.72,0.4,905,42
MF,20.2984,0.72,0.4,905,42
IL,101.7168,1.0,0.4,906,42
MF,18.2832,1.0,0.4,906,42
IL,78.266,0.45,0.4,907,49
MF,41.734,0.45,0.4,907,49
IL,91.5072,0.64,0.4,908,42
MF,28.4928,0.64,0.4,908,42
IL,47.3152,0.48,0.4,909,43
MF,72.6848,0.48,0.4,909,43
IL,103.2444,0.69,0.4,910,48
MF,16.7556,0.69,0.4,910,48
IL,31.8016,0.1,0.4,911,45
MF,88.1984,0.1,0.4,911,45
IL,105.7604,0.84,0.4,912,50
MF,14.2396,0.84,0.4,912,50
IL,34.4704,0.26,0.4,913,43
MF,85.5296,0.26,0.4,913,43
IL,19.7532,0.1,0.4,914,51
MF,100.2468,0.1,0.4,914,51
IL,90.3696,0.84,0.4,915,44
MF,29.6304,0.84,0.4,915,44
IL,19.5012,0.07,0.4,916,48
MF,100.4988,0.07,0.4,916,48
IL,43.1444,0.32,0.4,917,44
MF,76.8556,0.32,0.4,917,44
IL,70.7348,0.42,0.4,918,47
MF,49.2652,0.42,0.4,918,47
IL,51.0368,0.32,0.4,919,50
MF,68.9632,0.32,0.4,919,50
IL,34.734,0.32,0.4,920,51
MF,85.266,0.32,0.4,920,51
IL,69.4556,0.42,0.4,921,46
MF,50.5444,0.42,0.4,921,46
IL,49.9216,0.32,0.4,922,45
MF,70.0784,0.32,0.4,922,45
IL,43.8644,0.26,0.4,923,42
MF,76.1356,0.26,0.4,923,42
IL,19.1024,0.07,0.4,924,49
MF,100.8976,0.07,0.4,924,49
IL,106.3112,0.84,0.4,925,45
MF,13.6888,0.84,0.4,925,45
IL,24.6284,0.1,0.4,926,50
MF,95.3716,0.1,0.4,926,50
IL,99.2196,0.84,0.4,927,51
MF,20.7804,0.84,0.4,927,51
IL,26.3168,0.1,0.4,928,44
MF,93.6832,0.1,0.4,928,44
IL,88.596,0.48,0.4,929,42
MF,31.404,0.48,0.4,929,42
IL,94.6264,0.69,0.4,930,49
MF,25.3736,0.69,0.4,930,49
IL,53.4012,0.45,0.4,931,48
MF,66.5988,0.45,0.4,931,48
IL,73.2328,0.64,0.4,932,43
MF,46.7672,0.64,0.4,932,43
IL,110.6076,1.0,0.4,933,43
MF,9.49878640776699,1.0,0.4,933,43
IL,88.4588,0.53,0.4,934,48
MF,31.5412,0.53,0.4,934,48
IL,90.2856,0.72,0.4,935,43
MF,29.7144,0.72,0.4,935,43
IL,105.9268,0.9,0.4,936,47
MF,14.0732,0.9,0.4,936,47
IL,105.0672,0.92,0.4,937,51
MF,14.9328,0.92,0.4,937,51
IL,107.8536,0.92,0.4,938,45
MF,12.283980582524272,0.92,0.4,938,45
IL,20.7664,0.11,0.4,939,49
MF,99.2336,0.11,0.4,939,49
IL,30.806,0.16,0.4,940,47
MF,89.194,0.16,0.4,940,47
IL,82.3676,0.66,0.4,941,50
MF,37.6324,0.66,0.4,941,50
IL,95.0076,0.66,0.4,942,44
MF,24.9924,0.66,0.4,942,44
IL,109.9464,0.86,0.4,943,42
MF,10.0536,0.86,0.4,943,42
IL,30.4092,0.24,0.4,944,45
MF,89.5908,0.24,0.4,944,45
IL,96.406,0.78,0.4,945,47
MF,23.594,0.78,0.4,945,47
IL,15.5884,0.08,0.4,946,50
MF,104.4116,0.08,0.4,946,50
IL,80.3232,0.54,0.4,947,46
MF,39.6768,0.54,0.4,947,46
IL,20.0224,0.08,0.4,948,44
MF,99.9776,0.08,0.4,948,44
IL,36.9276,0.24,0.4,949,51
MF,83.0724,0.24,0.4,949,51
IL,41.0824,0.3,0.4,950,43
MF,78.9176,0.3,0.4,950,43
IL,93.1532,0.54,0.4,951,50
MF,26.8468,0.54,0.4,951,50
IL,107.9844,0.78,0.4,952,45
MF,12.0156,0.78,0.4,952,45
IL,34.774,0.24,0.4,953,47
MF,85.226,0.24,0.4,953,47
IL,89.8348,0.78,0.4,954,51
MF,30.1652,0.78,0.4,954,51
IL,25.6364,0.08,0.4,955,46
MF,94.3636,0.08,0.4,955,46
IL,78.7032,0.54,0.4,956,44
MF,41.2968,0.54,0.4,956,44
IL,108.1968,0.95,0.4,957,49
MF,11.8032,0.95,0.4,957,49
IL,35.6248,0.16,0.4,958,45
MF,84.3752,0.16,0.4,958,45
IL,97.726,0.98,0.4,959,43
MF,22.274,0.98,0.4,959,43
IL,25.4916,0.16,0.4,960,51
MF,94.5084,0.16,0.4,960,51
IL,88.8316,0.66,0.4,961,46
MF,31.1684,0.66,0.4,961,46
IL,78.7836,0.61,0.4,962,48
MF,41.2164,0.61,0.4,962,48
IL,107.6228,0.92,0.4,963,47
MF,12.892916666666666,0.92,0.4,963,47
IL,103.0936,0.9,0.4,964,51
MF,16.9064,0.9,0.4,964,51
IL,36.99,0.23,0.4,965,49
MF,83.01,0.23,0.4,965,49
IL,110.9172,0.9,0.4,966,45
MF,9.0828,0.9,0.4,966,45
IL,10.7452,0.02,0.4,967,42
MF,109.2548,0.02,0.4,967,42
IL,61.4816,0.35,0.4,968,49
MF,58.5184,0.35,0.4,968,49
IL,34.378,0.14,0.4,969,42
MF,85.622,0.14,0.4,969,42
IL,59.612,0.38,0.4,970,43
MF,60.388,0.38,0.4,970,43
IL,29.3956,0.19,0.4,971,48
MF,90.6044,0.19,0.4,971,48
IL,96.9188,0.84,0.4,972,47
MF,23.0812,0.84,0.4,972,47
IL,71.9776,0.56,0.4,973,43
MF,48.0224,0.56,0.4,973,43
IL,30.4208,0.1,0.4,974,46
MF,89.5792,0.1,0.4,974,46
IL,92.4616,0.77,0.4,975,48
MF,27.5384,0.77,0.4,975,48
IL,78.8456,0.6,0.4,976,48
MF,41.1544,0.6,0.4,976,48
IL,105.8212,0.83,0.4,977,49
MF,14.1788,0.83,0.4,977,49
IL,55.1072,0.42,0.4,978,44
MF,64.8928,0.42,0.4,978,44
IL,48.3856,0.32,0.4,979,47
MF,71.6144,0.32,0.4,979,47
IL,70.6808,0.42,0.4,980,50
MF,49.3192,0.42,0.4,980,50
IL,65.2152,0.42,0.4,981,51
MF,54.7848,0.42,0.4,981,51
IL,26.1516,0.32,0.4,982,46
MF,93.8484,0.32,0.4,982,46
IL,55.4224,0.42,0.4,983,45
MF,64.5776,0.42,0.4,983,45
IL,103.5168,0.83,0.4,984,48
MF,16.4832,0.83,0.4,984,48
IL,71.2468,0.6,0.4,985,49
MF,48.7532,0.6,0.4,985,49
IL,89.3504,0.56,0.4,986,42
MF,30.6496,0.56,0.4,986,42
IL,91.1436,0.77,0.4,987,49
MF,28.8564,0.77,0.4,987,49
IL,23.4816,0.1,0.4,988,47
MF,96.5184,0.1,0.4,988,47
IL,109.1492,0.84,0.4,989,46
MF,10.8508,0.84,0.4,989,46
IL,59.9148,0.38,0.4,990,42
MF,60.0852,0.38,0.4,990,42
IL,45.226,0.19,0.4,991,49
MF,74.774,0.19,0.4,991,49
IL,65.1316,0.35,0.4,992,48
MF,54.8684,0.35,0.4,992,48
IL,30.3788,0.14,0.4,993,43
MF,89.6212,0.14,0.4,993,43
IL,99.3284,0.9,0.4,994,44
MF,20.6716,0.9,0.4,994,44
IL,30.8748,0.23,0.4,995,48
MF,89.1252,0.23,0.4,995,48
IL,10.3808,0.02,0.4,996,43
MF,109.6192,0.02,0.4,996,43
IL,105.0864,0.9,0.4,997,50
MF,14.9136,0.9,0.4,997,50
IL,106.2972,0.92,0.4,998,46
MF,13.7028,0.92,0.4,998,46
IL,84.6888,0.61,0.4,999,49
MF,35.3112,0.61,0.4,999,49
IL,111.9732,0.98,0.4,1000,42
MF,8.0268,0.98,0.4,1000,42
IL,80.4496,0.66,0.4,1001,47
MF,39.5504,0.66,0.4,1001,47
IL,32.4708,0.16,0.4,1002,50
MF,87.5292,0.16,0.4,1002,50
IL,27.154,0.16,0.4,1003,44
MF,92.846,0.16,0.4,1003,44
IL,107.9776,0.95,0.4,1004,48
MF,12.0224,0.95,0.4,1004,48
IL,75.5464,0.54,0.4,1005,45
MF,44.4536,0.54,0.4,1005,45
IL,18.982,0.08,0.4,1006,47
MF,101.018,0.08,0.4,1006,47
IL,83.8612,0.78,0.4,1007,50
MF,36.1388,0.78,0.4,1007,50
IL,39.1164,0.24,0.4,1008,46
MF,80.8836,0.24,0.4,1008,46
IL,104.31,0.78,0.4,1009,44
MF,15.69,0.78,0.4,1009,44
IL,92.358,0.54,0.4,1010,51
MF,27.642,0.54,0.4,1010,51
